"EFORSCDCID","OtherCounties"
34,"Washington"
34,"Marion"
34,"Multnomah"
46,"Palm Beach"
46,"Volusia"
46,"Martin"
46,"Miami-Dade"
46,"Nassau"
46,"Okaloosa"
46,"Orange"
46,"Osceola"
46,"Pasco"
46,"Pinellas"
46,"Polk"
46,"Putnam"
46,"Marion"
46,"St. Johns"
46,"Hendry"
46,"Seminole"
46,"Escambia"
46,"Alachua"
46,"Bay"
46,"Brevard"
46,"Charlotte"
46,"Citrus"
46,"Clay"
46,"Hillsborough"
46,"Duval"
46,"Manatee"
46,"Flagler"
46,"Highlands"
46,"Indian River"
46,"Lee"
46,"Leon"
46,"Collier"
58,"Larimer"
58,"Pueblo"
58,"Jefferson"
58,"Garfield"
58,"Douglas"
58,"Denver"
58,"Boulder"
58,"Alamosa"
58,"El Paso"
64,"Deschutes"
64,"Jefferson"
66,"New Haven"
66,"Fairfield"
73,"Contra Costa"
73,"Solano"
76,"Ozaukee"
76,"Sheboygan"
76,"Washington"
285,"Allegheny"
364,"Geauga"
364,"Lake"
387,"Shelby"
623,"Ramsey"
623,"Scott"
623,"Dakota"
623,"Anoka"
623,"Wright"
2116,"Bronx"
2897,"Osceola"
2897,"Palm Beach"
3061,"Alameda"
3061,"Riverside"
3061,"San Bernardino"
3195,"Coffee"
4180,"Shelby"
4180,"Rutherford"
4180,"Knox"
4226,"Fairfield"
4239,"Weakley"
4244,"Clinton"
4256,"Winnebago"
4264,"Clinton"
4264,"Oakland"
4268,"Ingham"
4268,"Oakland"
4281,"Will"
4341,"Marin"
4341,"San Joaquin"
4349,"Wayne"
4364,"Ingham"
4364,"Oakland"
4489,"Brazoria"
4489,"Karnes"
4489,"Nueces"
4500,"Bexar"
4566,"Marin"
4566,"Santa Clara"
4750,"DuPage"
4750,"Iroquois"
4750,"Will"
4817,"Martin"
4836,"Seminole"
4893,"Montgomery"
4974,"Fairfield"
4974,"Hartford"
4974,"New Haven"
4975,"Wake"
4976,"Cherokee"
4976,"Clay"
5001,"Cook"
5001,"Will"
5008,"Broward"
5056,"Cook"
5056,"Lake"
5056,"McHenry"
5157,"Ashland"
5157,"Washburn"
5159,"Waukesha"
5159,"Ozaukee"
5159,"Walworth"
5163,"Seminole"
5166,"St. Clair"
5173,"Dane"
5173,"Outagamie"
5175,"Oneida"
5197,"Barron"
5197,"Dunn"
5197,"Eau Claire"
5314,"Avery"
5314,"Mitchell"
5314,"Yancey"
5348,"Brown"
5348,"Outagamie"
5386,"Baltimore"
5386,"Carroll"
5412,"Racine"
5412,"Eau Claire"
5412,"Outagamie"
5475,"Montgomery"
5579,"Chemung"
5579,"Erie"
5579,"Steuben"
5647,"Middlesex"
5647,"Norfolk"
5647,"Suffolk"
5659,"Adams"
5659,"Denver"
5659,"Jefferson"
5714,"Tarrant"
5714,"Dallas"
5889,"Lake"
5889,"Sacramento"
5889,"San Joaquin"
5897,"Contra Costa"
5897,"Los Angeles"
5897,"Orange"
5955,"San Diego"
5955,"Santa Clara"
6034,"Oklahoma"
6035,"Allegheny"
6065,"La Salle"
6095,"Alameda"
6095,"Monterey"
6095,"Santa Clara"
6120,"Los Angeles"
6120,"Ventura"
6129,"Orange"
6129,"Santa Clara"
6129,"Tulare"
6136,"Alameda"
6136,"San Mateo"
6150,"Tulare"
6194,"San Mateo"
6195,"Humboldt"
6238,"Augusta"
6238,"Bedford"
6238,"Bedford"
6238,"Russell"
6458,"Cook"
6472,"Cherokee"
6472,"Cobb"
6472,"Coweta"
6485,"King"
6485,"Snohomish"
6485,"Spokane"
6575,"Jefferson"
6603,"Taney"
6627,"Ramsey"
6630,"Marion"
6666,"Jefferson"
6685,"Cumberland"
6685,"Sagadahoc"
6685,"Waldo"
6749,"Snohomish"
6749,"Pierce"
6749,"Chelan"
6774,"Buffalo"
6786,"Fresno"
6814,"Jackson"
6814,"Multnomah"
6814,"Washington"
6834,"Bucks"
6834,"Erie"
6834,"Washington"
6861,"St. Joseph"
6898,"Sussex"
6898,"Kent"
6970,"Norfolk"
7009,"Los Angeles"
7009,"Ventura"
7085,"Collier"
7092,"Walla Walla"
7114,"San Mateo"
7114,"Santa Clara"
7114,"Alameda"
7116,"San Mateo"
7116,"Alameda"
7149,"San Diego"
7173,"Baltimore"
7173,"Calvert"
7173,"Montgomery"
7187,"Davidson"
7187,"Montgomery"
7226,"Adams"
7226,"Arapahoe"
7226,"Archuleta"
7277,"Henrico"
7335,"Chesterfield"
7335,"Richmond"
7335,"Richmond"
7336,"Boone"
7336,"Kenton"
7383,"Oakland"
7383,"Washtenaw"
7383,"Wayne"
7460,"Alameda"
7460,"Merced"
7475,"Cobb"
7475,"Fulton"
7475,"Bibb"
7502,"Outagamie"
7502,"Shawano"
7502,"Waukesha"
7526,"San Mateo"
7526,"Monterey"
7533,"Winnebago"
7533,"Brown"
7533,"Calumet"
7594,"Washington"
7598,"Skagit"
7598,"Whatcom"
7663,"Orange"
7663,"Riverside"
7663,"San Diego"
7701,"Washington"
7701,"Windsor"
7701,"Bennington"
7705,"Suffolk"
7713,"Anne Arundel"
7713,"Caroline"
7713,"Montgomery"
7724,"Los Alamos"
7724,"Santa Fe"
7724,"Taos"
7734,"Multnomah"
7734,"Klamath"
7734,"Douglas"
7881,"Gloucester"
7932,"Baltimore"
7932,"Carroll"
7932,"Montgomery"
7943,"St. Louis"
7943,"Franklin"
7943,"Jefferson"
7946,"St. Charles"
7946,"St. Louis"
7956,"Jefferson"
7956,"St. Charles"
7956,"St. Louis"
8152,"Racine"
8267,"Bastrop"
8267,"Travis"
8277,"Crosby"
8277,"Deaf Smith"
8277,"Floyd"
8280,"Harris"
8285,"Travis"
8285,"Galveston"
8285,"Montgomery"
8287,"Travis"
8287,"Kaufman"
8287,"Nacogdoches"
8330,"Polk"
8367,"Anne Arundel"
8367,"Montgomery"
8367,"Queen Anne's"
8439,"Steuben"
8447,"Cuyahoga"
8447,"Mahoning"
8447,"Medina"
8505,"Hartford"
8505,"Litchfield"
8517,"Clackamas"
8517,"Linn"
8517,"Washington"
8518,"Clackamas"
8518,"Lane"
8518,"Linn"
8543,"Jackson"
8543,"Josephine"
8564,"San Francisco"
8564,"Alameda"
8564,"Sacramento"
8580,"Los Angeles"
8580,"Orange"
8580,"San Diego"
8594,"Essex"
8594,"Franklin"
8594,"Saratoga"
8613,"Miami-Dade"
8655,"Merrimack"
8655,"Strafford"
8784,"Van Buren"
8816,"Lincoln"
8816,"Madison"
8830,"McLean"
8830,"Stutsman"
8836,"Fort Bend"
8836,"Montgomery"
8854,"Burleigh"
8854,"McHenry"
8854,"Rolette"
8915,"Litchfield"
8915,"New Haven"
8952,"Jefferson"
8952,"King"
8968,"Snohomish"
8970,"King"
8970,"Thurston"
9076,"Camden"
9147,"Hartford"
9147,"Fairfield"
9244,"Delaware"
9244,"Marion"
9325,"Black Hawk"
9331,"Oneida"
9331,"Onondaga"
9331,"Wayne"
9429,"Flathead"
9429,"Missoula"
9429,"Ravalli"
9430,"Chouteau"
9430,"Jefferson"
9430,"Liberty"
9550,"Carroll"
9550,"Cuyahoga"
9551,"Limestone"
9559,"Cheshire"
9559,"Merrimack"
9559,"Strafford"
9617,"Knox"
9617,"Morrow"
9686,"Knox"
9686,"Marion"
9686,"Morrow"
9686,"Union"
9691,"DeKalb"
9700,"Cass"
9700,"St. Joseph"
9730,"Eagle"
9730,"Pitkin"
9789,"Broome"
9789,"Montgomery"
9789,"Schenectady"
9797,"Anderson"
9804,"Alameda"
9804,"Santa Clara"
9804,"Stanislaus"
9825,"Monroe"
9825,"Onondaga"
9825,"Oswego"
9855,"Wayne"
9855,"Suffolk"
9855,"Erie"
9855,"Onondaga"
9868,"Franklin"
9901,"Spartanburg"
9905,"Carroll"
9905,"Cuyahoga"
9905,"Erie"
9905,"Lorain"
9905,"Medina"
9905,"Seneca"
9905,"Tuscarawas"
9905,"Wayne"
9910,"Utah"
9910,"Davis"
9917,"Campbell"
9945,"Montgomery"
9945,"Stark"
9945,"Licking"
9963,"Cache"
9963,"Salt Lake"
9963,"Weber"
9989,"Arapahoe"
10020,"Cortland"
10020,"Suffolk"
10020,"Oswego"
10020,"Cayuga"
10020,"Jefferson"
10020,"Madison"
10026,"Fremont"
10026,"Uinta"
10032,"Kalamazoo"
10032,"St. Clair"
10039,"Suffolk"
10044,"Adams"
10044,"Arapahoe"
10044,"Douglas"
10098,"Crowley"
10098,"Fremont"
10098,"Logan"
10107,"Madison"
10112,"DeKalb"
10123,"Duval"
10123,"Hillsborough"
10123,"Miami-Dade"
10123,"Palm Beach"
10123,"Pinellas"
10123,"Sarasota"
10138,"Montgomery"
10138,"Sandusky"
10138,"Wood"
10150,"Geauga"
10150,"Mahoning"
10150,"Cuyahoga"
10154,"McNairy"
10155,"Boulder"
10167,"Litchfield"
10167,"Tolland"
10190,"Coconino"
10190,"Maricopa"
10190,"Mohave"
10194,"Pima"
10232,"Pinal"
10233,"Anne Arundel"
10233,"Baltimore"
10236,"New Haven"
10252,"Wood"
10253,"Oxford"
10253,"Cumberland"
10253,"Franklin"
10266,"Salt Lake"
10269,"DuPage"
10269,"Will"
10281,"Hart"
10281,"Paulding"
10281,"Richmond"
10281,"Muscogee"
10281,"Laurens"
10281,"Hancock"
10281,"Forsyth"
10281,"Fayette"
10281,"Cobb"
10281,"Rockdale"
10281,"DeKalb"
10293,"Missoula"
10293,"Madison"
10293,"Lake"
10293,"Deer Lodge"
10341,"Hendry"
10369,"Allegheny"
10369,"Delaware"
10375,"Hartford"
10375,"New Haven"
10375,"New London"
10385,"Clermont"
10385,"Warren"
10385,"Butler"
10388,"Franklin"
10388,"Hamilton"
10388,"Huron"
10388,"Lorain"
10388,"Stark"
10388,"Summit"
10388,"Erie"
10425,"Frederick"
10425,"Washington"
10425,"Howard"
10425,"Charles"
10425,"Baltimore"
10425,"Anne Arundel"
10425,"St. Mary's"
10442,"Butler"
10442,"Washington"
10447,"Bedford"
10447,"Mifflin"
10455,"Medina"
10455,"Summit"
10455,"Geauga"
10455,"Portage"
10455,"Trumbull"
10455,"Lake"
10455,"Ashtabula"
10455,"Mahoning"
10455,"Lorain"
10461,"El Dorado"
10461,"Fresno"
10462,"Monterey"
10462,"Santa Clara"
10462,"San Diego"
10462,"Alameda"
10462,"San Mateo"
10463,"San Joaquin"
10463,"Alameda"
10463,"Yolo"
10463,"Sonoma"
10463,"Solano"
10463,"Santa Clara"
10463,"San Francisco"
10463,"Sacramento"
10463,"Mendocino"
10463,"Contra Costa"
10463,"Marin"
10464,"Los Angeles"
10464,"San Diego"
10464,"San Bernardino"
10464,"Riverside"
10464,"Orange"
10498,"Baltimore"
10498,"Montgomery"
10529,"Miami-Dade"
10529,"Palm Beach"
10531,"Benton"
10531,"Marion"
10535,"Armstrong"
10535,"Centre"
10535,"Allegheny"
10535,"Montgomery"
10549,"Moniteau"
10554,"Barnstable"
10558,"Brevard"
10558,"Polk"
10560,"Beaver"
10561,"Lycoming"
10561,"Northumberland"
10561,"Snyder"
10561,"Delaware"
10561,"Dauphin"
10561,"Columbia"
10564,"Flagler"
10564,"Seminole"
10564,"Volusia"
10564,"Brevard"
10586,"Grady"
10586,"Tulsa"
10596,"Palm Beach"
10597,"Tulsa"
10597,"Osage"
10603,"Cochise"
10632,"Loudon"
10632,"Monroe"
10632,"Blount"
10646,"Williamson"
10646,"Cumberland"
10646,"Knox"
10646,"Robertson"
10650,"Covington"
10651,"King"
10653,"Monroe"
10663,"Fredericksburg"
10671,"Tazewell"
10671,"DuPage"
10671,"Rock Island"
10674,"Cook"
10703,"Washington"
10706,"Kane"
10716,"York"
10716,"Bucks"
10716,"Chester"
10716,"Columbia"
10738,"Indian River"
10738,"Palm Beach"
10740,"Cook"
10740,"DuPage"
10749,"Carter"
10753,"Washington"
10759,"Will"
10759,"Kane"
10759,"Kendall"
10768,"Jones"
10768,"Pamlico"
10771,"Cass"
10780,"Oktibbeha"
10780,"Quitman"
10780,"Prentiss"
10780,"Pontotoc"
10780,"Pike"
10780,"Madison"
10780,"Perry"
10780,"Pearl River"
10780,"Panola"
10780,"Noxubee"
10780,"Newton"
10780,"Neshoba"
10780,"Montgomery"
10780,"Monroe"
10780,"Rankin"
10780,"Marion"
10780,"Tippah"
10780,"Lowndes"
10780,"Lincoln"
10780,"Marshall"
10780,"Tunica"
10780,"Jackson"
10780,"Yazoo"
10780,"Yalobusha"
10780,"Winston"
10780,"Wilkinson"
10780,"Webster"
10780,"Wayne"
10780,"Warren"
10780,"Tallahatchie"
10780,"Union"
10780,"Scott"
10780,"Tishomingo"
10780,"Leflore"
10780,"Tate"
10780,"Sunflower"
10780,"Stone"
10780,"Smith"
10780,"Simpson"
10780,"Sharkey"
10780,"Walthall"
10780,"Choctaw"
10780,"Franklin"
10780,"Lee"
10780,"DeSoto"
10780,"Covington"
10780,"Copiah"
10780,"Coahoma"
10780,"Clay"
10780,"Greene"
10780,"Claiborne"
10780,"George"
10780,"Chickasaw"
10780,"Carroll"
10780,"Calhoun"
10780,"Bolivar"
10780,"Benton"
10780,"Attala"
10780,"Amite"
10780,"Alcorn"
10780,"Clarke"
10780,"Adams"
10780,"Leake"
10780,"Lawrence"
10780,"Lauderdale"
10780,"Lamar"
10780,"Lafayette"
10780,"Kemper"
10780,"Forrest"
10780,"Jefferson Davis"
10780,"Grenada"
10780,"Jasper"
10780,"Jefferson"
10780,"Itawamba"
10780,"Issaquena"
10780,"Humphreys"
10780,"Holmes"
10780,"Hinds"
10780,"Harrison"
10780,"Hancock"
10780,"Jones"
10787,"Adams"
10787,"Las Animas"
10804,"Cuyahoga"
10818,"Racine"
10830,"Miami-Dade"
10830,"Palm Beach"
10834,"Allegheny"
10840,"Los Angeles"
10840,"San Diego"
10845,"Plymouth"
10855,"Norfolk"
10868,"Worcester"
10881,"Wilson"
10881,"Davidson"
10886,"Allen"
10886,"Putnam"
10887,"Sandusky"
10892,"Medina"
10892,"Portage"
10892,"Stark"
10895,"Lorain"
10895,"Medina"
10895,"Geauga"
10895,"Portage"
10895,"Lake"
10896,"Monroe"
10897,"Bronx"
10897,"Essex"
10899,"Gloucester"
10919,"San Luis Obispo"
10919,"Yuba"
10919,"Ventura"
10919,"Santa Barbara"
10919,"San Diego"
10919,"Fresno"
10919,"Sonoma"
10931,"Los Angeles"
10931,"Riverside"
10932,"San Bernardino"
10940,"Fairfax"
10940,"Shenandoah"
10940,"Frederick"
10940,"Bath"
10940,"Augusta"
10940,"Rockingham"
10941,"Hartford"
10941,"New Haven"
10948,"Colleton"
10951,"Crook"
10951,"Clackamas"
10970,"Ward"
10972,"Madison"
10972,"Woodford"
10972,"St. Clair"
10972,"Sangamon"
10972,"Fayette"
10972,"Crawford"
10972,"Clay"
10972,"Bond"
10972,"Bureau"
10976,"Clackamas"
10976,"Hood River"
10978,"Kent"
10979,"Bond"
10979,"Coles"
11001,"Allen"
11001,"Defiance"
11001,"Lucas"
11001,"Ottawa"
11001,"Wood"
11001,"Wyandot"
11003,"Medina"
11003,"Portage"
11003,"Stark"
11004,"Lucas"
11007,"Frederick"
11011,"Portage"
11031,"Cherokee"
11031,"Douglas"
11031,"Montgomery"
11031,"Wilson"
11032,"Allegheny"
11032,"Lawrence"
11041,"Montgomery"
11045,"Clarke"
11045,"Polk"
11045,"Union"
11069,"Ontario"
11069,"Seneca"
11069,"Steuben"
11069,"Washington"
11069,"Wayne"
11074,"Nobles"
11074,"St. Louis"
11082,"Sussex"
11101,"Barton"
11101,"McPherson"
11101,"Stafford"
11120,"Albany"
11120,"Dutchess"
11120,"Ulster"
11120,"Westchester"
11133,"Fulton"
11133,"Cobb"
11139,"McCormick"
11139,"Laurens"
11139,"Abbeville"
11195,"New York"
11195,"Suffolk"
11228,"Jefferson"
11232,"Jefferson"
11233,"Douglas"
11235,"Douglas"
11258,"Livingston"
11258,"Steuben"
11264,"Alpena"
11264,"Grand Traverse"
11264,"Kalkaska"
11264,"Macomb"
11264,"Oakland"
11268,"Maui"
11272,"Fairfield"
11280,"Hancock"
11280,"Henry"
11299,"Middlesex"
11299,"Norfolk"
11299,"Plymouth"
11299,"Suffolk"
11337,"Cook"
11337,"DuPage"
11356,"Kent"
11356,"Macomb"
11356,"Oakland"
11378,"Carroll"
11389,"Ada"
11394,"San Bernardino"
11394,"Ventura"
11413,"Fairfax"
11413,"Prince William"
11421,"Stutsman"
11421,"Ward"
11421,"Williams"
11421,"Walsh"
11421,"Grand Forks"
11421,"Cass"
11421,"Bottineau"
11421,"Burke"
11421,"Oliver"
11426,"Buncombe"
11427,"Henderson"
11434,"Sacramento"
11434,"Sonoma"
11435,"Contra Costa"
11435,"Sonoma"
11435,"Sacramento"
11435,"Alameda"
11435,"San Francisco"
11460,"Cuyahoga"
11487,"Weld"
11490,"Fairfield"
11490,"New Haven"
11498,"Greenville"
11501,"Faulkner"
11501,"Saline"
11501,"Jefferson"
11501,"Lonoke"
11522,"Hartford"
11526,"DuPage"
11526,"Kane"
11540,"Niagara"
11540,"Erie"
11542,"Suffolk"
11542,"Saratoga"
11542,"Rockland"
11542,"Otsego"
11542,"Dutchess"
11542,"Nassau"
11546,"Geauga"
11560,"Placer"
11560,"Yuba"
11560,"Solano"
11560,"Nevada"
11560,"El Dorado"
11560,"Amador"
11560,"Yolo"
11612,"Franklin"
11615,"El Paso"
11615,"Denver"
11618,"Carroll"
11631,"Ingham"
11631,"Kalamazoo"
11631,"Otsego"
11631,"Saginaw"
11631,"Grand Traverse"
11647,"Cheatham"
11657,"Douglas"
11657,"Jefferson"
11657,"Johnson"
11657,"Osage"
11662,"Daniels"
11662,"Richland"
11662,"Yellowstone"
11664,"Northampton"
11666,"Durham"
11684,"Ashland"
11684,"Crawford"
11684,"Delaware"
11684,"Franklin"
11684,"Morrow"
11698,"New Haven"
11721,"Fort Bend"
11724,"Fort Bend"
11736,"Merrimack"
11738,"Cayuga"
11738,"Seneca"
11742,"Mifflin"
11745,"Pueblo"
11746,"Harnett"
11746,"Lee"
11746,"Robeson"
11772,"Indiana"
11777,"Imperial"
11777,"Orange"
11777,"Riverside"
11786,"Lewis"
11786,"Oneida"
11789,"San Diego"
11789,"Los Angeles"
11789,"Orange"
11789,"San Bernardino"
11803,"Garfield"
11803,"Grant"
11803,"Kay"
11803,"Oklahoma"
11803,"Payne"
11811,"Cook"
11820,"Harford"
11820,"Prince George's"
11820,"Montgomery"
11820,"Howard"
11820,"Carroll"
11820,"Caroline"
11820,"Baltimore"
11820,"Anne Arundel"
11820,"Cecil"
11827,"Darke"
11839,"Cecil"
11855,"Laramie"
11855,"Weston"
11855,"Washakie"
11855,"Uinta"
11855,"Teton"
11855,"Sweetwater"
11855,"Sublette"
11855,"Park"
11855,"Converse"
11855,"Carbon"
11855,"Campbell"
11855,"Big Horn"
11855,"Albany"
11855,"Platte"
11866,"Washington"
11884,"Cumberland"
11904,"Kennebec"
11904,"Waldo"
11904,"Franklin"
11904,"Somerset"
11904,"Sagadahoc"
11907,"Fairfield"
11907,"Litchfield"
11907,"New Haven"
11907,"New London"
11928,"Penobscot"
11941,"San Diego"
11941,"Nevada"
11941,"Riverside"
11941,"San Bernardino"
11946,"Hillsborough"
11946,"Merrimack"
11951,"Catawba"
11951,"Lincoln"
11951,"Mecklenburg"
11988,"Rutherford"
12001,"Orange"
12007,"Lexington"
12023,"Tulare"
12026,"Ozaukee"
12026,"Pierce"
12026,"Polk"
12026,"Price"
12026,"Vilas"
12026,"Bayfield"
12030,"Orange"
12030,"Riverside"
12030,"San Diego"
12052,"Clarion"
12052,"Venango"
12052,"Mercer"
12052,"McKean"
12052,"Elk"
12052,"Jefferson"
12068,"Marin"
12068,"Orange"
12068,"Los Angeles"
12068,"Alameda"
12068,"Ventura"
12070,"Los Angeles"
12070,"San Bernardino"
12088,"Brown"
12089,"Sheboygan"
12096,"Boone"
12099,"Lake"
12142,"Bucks"
12142,"Philadelphia"
12172,"Ramsey"
12172,"Scott"
12172,"Dakota"
12177,"Allegany"
12194,"Griggs"
12230,"Portage"
12230,"Summit"
12232,"Bedford"
12232,"Delaware"
12232,"Huntingdon"
12232,"Montgomery"
12237,"Palm Beach"
12273,"Amherst"
12273,"Bedford"
12273,"Lynchburg"
12273,"Halifax"
12273,"Campbell"
12286,"Fulton"
12290,"Gaines"
12305,"Orange"
12305,"San Luis Obispo"
12305,"San Mateo"
12305,"Santa Clara"
12305,"Yolo"
12305,"Los Angeles"
12314,"Baltimore City"
12314,"Wicomico"
12314,"Prince George's"
12317,"Contra Costa"
12317,"Ventura"
12317,"San Diego"
12317,"San Bernardino"
12317,"Sacramento"
12317,"Los Angeles"
12317,"Lassen"
12317,"El Dorado"
12317,"Monterey"
12318,"Riverside"
12318,"San Bernardino"
12319,"Fresno"
12319,"Orange"
12319,"San Diego"
12320,"Pinellas"
12323,"Maricopa"
12323,"Pima"
12332,"Douglas"
12332,"Denver"
12354,"Los Angeles"
12354,"Riverside"
12373,"Isabella"
12373,"Oakland"
12373,"Kent"
12373,"Ionia"
12373,"Ingham"
12373,"Hillsdale"
12373,"Gratiot"
12373,"Genesee"
12373,"Clinton"
12373,"Alcona"
12373,"Montcalm"
12393,"Lackawanna"
12393,"Wayne"
12403,"Laurens"
12403,"Evans"
12403,"Candler"
12403,"Bryan"
12403,"Wayne"
12411,"Jefferson"
12411,"Meade"
12414,"Crawford"
12414,"Marion"
12415,"Larimer"
12427,"Putnam"
12427,"Shelby"
12427,"Morgan"
12427,"Monroe"
12427,"Marion"
12427,"Jackson"
12427,"Hamilton"
12427,"Fountain"
12427,"Clay"
12427,"Brown"
12427,"Allen"
12427,"Boone"
12427,"Vanderburgh"
12427,"Hancock"
12435,"Okanogan"
12435,"Spokane"
12435,"King"
12435,"Franklin"
12435,"Douglas"
12435,"Benton"
12435,"Thurston"
12435,"Grant"
12436,"Livingston"
12436,"Monroe"
12438,"Hamilton"
12441,"Mohave"
12441,"Navajo"
12445,"Allen"
12445,"Hamilton"
12445,"Howard"
12445,"Jay"
12445,"Marion"
12449,"Fairfax"
12449,"Prince William"
12465,"Baltimore City"
12502,"LaMoure"
12502,"Nelson"
12502,"Barnes"
12509,"Beaver"
12510,"Los Angeles"
12510,"Riverside"
12510,"San Bernardino"
12522,"Nobles"
12528,"Placer"
12528,"Yolo"
12541,"Middlesex"
12541,"Suffolk"
12553,"Palm Beach"
12565,"Muskingum"
12565,"Tuscarawas"
12570,"Noble"
12570,"Stark"
12570,"Washington"
12587,"Beaufort"
12610,"Boulder"
12610,"Denver"
12610,"El Paso"
12610,"Jefferson"
12610,"Summit"
12619,"New Haven"
12619,"Tolland"
12629,"Clay"
12629,"St. Louis"
12629,"St. Francois"
12629,"Schuyler"
12629,"Jackson"
12629,"Cole"
12629,"Chariton"
12629,"Cape Girardeau"
12629,"Barry"
12629,"Adair"
12629,"Franklin"
12637,"Dauphin"
12637,"Erie"
12637,"Lancaster"
12637,"Venango"
12637,"York"
12671,"Middlesex"
12671,"New Haven"
12671,"New London"
12672,"El Dorado"
12672,"Yolo"
12675,"Erie"
12676,"Rockland"
12676,"Ulster"
12676,"New York"
12676,"Columbia"
12703,"Winnebago"
12709,"Bibb"
12709,"Newton"
12709,"Oconee"
12712,"Carroll"
12712,"Frederick"
12724,"Adams"
12724,"Chester"
12726,"Huntingdon"
12768,"Tazewell"
12768,"Will"
12768,"Sangamon"
12768,"Peoria"
12768,"Morgan"
12768,"McLean"
12768,"Lake"
12768,"Kankakee"
12768,"Kane"
12768,"Winnebago"
12768,"DuPage"
12768,"Champaign"
12768,"McHenry"
12789,"Hendry"
12789,"Levy"
12789,"Marion"
12789,"Palm Beach"
12824,"Medina"
12824,"Morrow"
12825,"Carroll"
12834,"Franklin"
12834,"Marion"
12843,"Barnstable"
12843,"Essex"
12843,"Middlesex"
12845,"Accomack"
12850,"Winnebago"
12850,"Will"
12850,"McHenry"
12850,"Cook"
12850,"Kane"
12853,"Cook"
12853,"Ford"
12853,"Kane"
12867,"Jefferson"
12867,"Orange"
12868,"Chesterfield"
12868,"Gloucester"
12868,"Hampton"
12868,"Henrico"
12868,"Isle of Wight"
12868,"Newport News"
12868,"Poquoson"
12868,"Surry"
12868,"Virginia Beach"
12868,"York"
12878,"DuPage"
12879,"Pulaski"
12879,"Buchanan"
12879,"Caldwell"
12879,"Cass"
12879,"Clay"
12879,"Daviess"
12879,"DeKalb"
12879,"Macon"
12890,"Jefferson"
12890,"Arapahoe"
12892,"Franklin"
12897,"Salt Lake"
12903,"Douglas"
12921,"Jefferson"
12926,"San Diego"
12926,"Ventura"
12926,"San Luis Obispo"
12926,"San Bernardino"
12926,"Orange"
12926,"Marin"
12926,"Los Angeles"
12926,"Sonoma"
12932,"Whitfield"
12942,"Bell"
12942,"Henderson"
12942,"Hopkins"
12942,"Jefferson"
12942,"Morgan"
12942,"Perry"
12942,"Pike"
12960,"Erie"
12960,"Westchester"
12960,"Dutchess"
12960,"Oneida"
12960,"Ulster"
12975,"Bullitt"
12975,"Oldham"
12975,"Shelby"
12976,"Ritchie"
13031,"Calhoun"
13031,"Mobile"
13046,"Middlesex"
13046,"Union"
13046,"Sussex"
13046,"Somerset"
13046,"Morris"
13046,"Ocean"
13046,"Warren"
13046,"Hunterdon"
13046,"Hudson"
13046,"Essex"
13046,"Burlington"
13046,"Bergen"
13046,"Atlantic"
13046,"Passaic"
13046,"Mercer"
13064,"Henry"
13070,"Lauderdale"
13073,"Sandusky"
13103,"Mercer"
13137,"Worcester"
13145,"Rowan"
13145,"Rutherford"
13146,"Guilford"
13146,"Watauga"
13148,"Accomack"
13151,"Dakota"
13151,"Ramsey"
13159,"Shelby"
13159,"Cumberland"
13159,"Jasper"
13160,"Cook"
13164,"Lee"
13176,"Multnomah"
13176,"Yamhill"
13189,"Champaign"
13189,"Edwards"
13189,"Franklin"
13189,"Perry"
13197,"Fairfax"
13197,"Henrico"
13197,"New Kent"
13230,"Durham"
13237,"Cape Girardeau"
13239,"Davidson"
13244,"Knox"
13244,"Bureau"
13244,"McLean"
13244,"Putnam"
13244,"Logan"
13244,"Lee"
13244,"La Salle"
13244,"Kendall"
13244,"Henry"
13244,"Douglas"
13244,"Cumberland"
13244,"Cook"
13244,"Champaign"
13244,"Coles"
13259,"Allen"
13259,"Shawnee"
13259,"Leavenworth"
13259,"Anderson"
13259,"Douglas"
13259,"Hodgeman"
13260,"Hillsborough"
13275,"Woodson"
13275,"Coffey"
13275,"Neosho"
13282,"Middlesex"
13299,"Fulton"
13300,"Etowah"
13300,"Cherokee"
13325,"Tuscarawas"
13325,"Stark"
13335,"Cheyenne"
13337,"Monterey"
13338,"Orange"
13349,"New York"
13349,"Queens"
13353,"Williamson"
13360,"Plymouth"
13360,"Barnstable"
13381,"Weld"
13382,"Cheatham"
13436,"Plymouth"
13436,"Suffolk"
13463,"Oakland"
13469,"Fairfax"
13469,"Prince William"
13473,"Washington"
13477,"Miami"
13477,"Riley"
13478,"Northampton"
13478,"Dauphin"
13478,"Delaware"
13478,"Elk"
13478,"McKean"
13503,"DuPage"
13503,"Kane"
13516,"Johnson"
13516,"Wyandotte"
13526,"Middlesex"
13526,"Fairfield"
13526,"Litchfield"
13530,"Lehigh"
13531,"Knox"
13536,"Gasconade"
13536,"Jefferson"
13536,"St. Louis City"
13544,"Adams"
13544,"Arapahoe"
13544,"Boulder"
13544,"Denver"
13544,"Douglas"
13544,"Larimer"
13551,"DuPage"
13551,"Kane"
13551,"McHenry"
13557,"Jefferson"
13557,"St. Charles"
13561,"Suffolk"
13588,"Summit"
13588,"Belmont"
13588,"Cuyahoga"
13588,"Franklin"
13597,"Reno"
13612,"Franklin"
13612,"Johnson"
13612,"Logan"
13612,"Pope"
13620,"Jefferson"
13629,"New York"
13629,"Queens"
13629,"Suffolk"
13637,"Kings"
13652,"Alexandria"
13652,"Fairfax"
13654,"Pottawatomie"
13665,"A·asco"
13665,"Aguada"
13665,"Hormigueros"
13665,"Moca"
13665,"RincÆn"
13681,"Lancaster"
13681,"Chester"
13686,"Howard"
13722,"Cumberland"
13722,"Fayette"
13722,"Adams"
13722,"Chester"
13740,"A·asco"
13740,"Yauco"
13753,"Grand Traverse"
13753,"Marquette"
13757,"DeKalb"
13757,"Newton"
13771,"Sandoval"
13776,"Fairfield"
13816,"Monroe"
13818,"Accomack"
13827,"Loudoun"
13848,"Garrett"
13848,"Montgomery"
13865,"Fort Bend"
13872,"San Bernardino"
13907,"Lexington"
13908,"Johnson"
13938,"Anoka"
13938,"Chisago"
13938,"Clay"
13938,"Dakota"
13938,"Grant"
13938,"Ramsey"
13939,"Washington"
13959,"DeKalb"
13964,"Philadelphia"
13964,"Bucks"
13964,"Delaware"
13968,"Solano"
13971,"Kendall"
13972,"Davidson"
13972,"Franklin"
13972,"Rutherford"
13972,"Sumner"
13972,"Wilson"
13973,"Shelby"
13973,"Franklin"
13973,"Sumner"
13973,"Williamson"
13973,"Hamilton"
13973,"Rutherford"
13973,"Lake"
13974,"Ogle"
13988,"Atoka"
13988,"McIntosh"
13988,"Muskogee"
13988,"Pittsburg"
13990,"Jones"
13990,"Stephens"
13996,"Tolland"
13997,"DeKalb"
14000,"Mobile"
14022,"Sacramento"
14022,"Santa Clara"
14022,"Shasta"
14022,"Siskiyou"
14022,"Solano"
14022,"Yolo"
14063,"Greene"
14068,"Franklin"
14068,"Knox"
14068,"Licking"
14083,"Westchester"
14088,"Fayette"
14088,"Spencer"
14088,"Scott"
14088,"Oldham"
14088,"Henry"
14088,"Jefferson"
14112,"Fairfield"
14112,"Hartford"
14112,"Litchfield"
14112,"Middlesex"
14112,"New London"
14114,"Adams"
14114,"Broomfield"
14114,"Jefferson"
14114,"Arapahoe"
14114,"Denver"
14123,"Henderson"
14123,"McDonough"
14123,"Mercer"
14162,"Ashtabula"
14162,"Erie"
14162,"Sandusky"
14165,"Putnam"
14170,"Bernalillo"
14180,"Pima"
14191,"Fremont"
14191,"Laramie"
14191,"Teton"
14196,"Fairfield"
14196,"New London"
14204,"Clay"
14204,"Shawnee"
14221,"Gove"
14234,"Dale"
14234,"Geneva"
14234,"Henry"
14237,"Hartford"
14237,"Litchfield"
14237,"New London"
14245,"Adams"
14245,"Arapahoe"
14245,"Jefferson"
14245,"Larimer"
14245,"Mesa"
14245,"Weld"
14248,"Highland"
14248,"Butler"
14248,"Montgomery"
14248,"Clinton"
14248,"Hamilton"
14258,"Oakland"
14258,"Washtenaw"
14280,"Delaware"
14280,"Union"
14324,"Nassau"
14349,"Broome"
14349,"Sullivan"
14349,"Tioga"
14356,"Kent"
14356,"Montgomery"
14356,"Harford"
14356,"Anne Arundel"
14356,"Baltimore"
14356,"Frederick"
14363,"New Haven"
14367,"Kane"
14408,"Denver"
14408,"Garfield"
14412,"Saline"
14414,"Marion"
14414,"Meade"
14414,"Sedgwick"
14422,"Los Angeles"
14429,"Charlottesville"
14429,"Nelson"
14452,"Medina"
14459,"Cherokee"
14465,"Schenectady"
14476,"Marion"
14478,"Adams"
14485,"New Castle"
14487,"Litchfield"
14487,"Middlesex"
14491,"Logan"
14518,"Jefferson"
14518,"Tuscaloosa"
14522,"Pierce"
14522,"Thurston"
14532,"Lapeer"
14532,"Macomb"
14532,"Oakland"
14532,"St. Clair"
14532,"Washtenaw"
14534,"Kings"
14534,"Queens"
14534,"Suffolk"
14552,"Clinton"
14558,"Suffolk"
14558,"Chautauqua"
14558,"Dutchess"
14560,"Ashland"
14561,"Albany"
14561,"Converse"
14561,"Laramie"
14561,"Lincoln"
14561,"Natrona"
14561,"Sheridan"
14561,"Teton"
14570,"Denver"
14570,"Jefferson"
14571,"Marinette"
14571,"St. Croix"
14571,"Brown"
14587,"Anne Arundel"
14587,"Howard"
14593,"Suffolk"
14603,"Ward"
14614,"Ward"
14614,"Morton"
14614,"Traill"
14614,"Sheridan"
14614,"Pierce"
14614,"Williams"
14614,"McLean"
14614,"McKenzie"
14614,"Griggs"
14614,"Grand Forks"
14614,"Burleigh"
14614,"Cass"
14614,"Mercer"
14615,"Howard"
14615,"Montgomery"
14615,"Baltimore"
14672,"Hennepin"
14672,"Sherburne"
14672,"Todd"
14672,"Washington"
14681,"Roosevelt"
14682,"Santa Fe"
14686,"Erie"
14686,"Monroe"
14693,"Lincoln"
14693,"St. Louis"
14703,"Okmulgee"
14703,"Osage"
14703,"Ottawa"
14703,"Pawnee"
14703,"Washington"
14703,"Pushmataha"
14703,"Sequoyah"
14703,"Wagoner"
14703,"Oklahoma"
14703,"Cleveland"
14703,"Rogers"
14703,"Canadian"
14703,"Creek"
14703,"Adair"
14703,"Muskogee"
14703,"Cherokee"
14703,"Craig"
14703,"Delaware"
14703,"Le Flore"
14703,"Mayes"
14703,"McClain"
14703,"McIntosh"
14714,"Macomb"
14720,"Stearns"
14720,"Sherburne"
14720,"Ramsey"
14720,"Isanti"
14720,"Nicollet"
14720,"Douglas"
14720,"Brown"
14720,"Mille Lacs"
14726,"Okaloosa"
14726,"Walton"
14726,"Orange"
14726,"Lake"
14726,"Jackson"
14726,"Holmes"
14726,"Hillsborough"
14726,"Gulf"
14726,"Clay"
14726,"Bay"
14726,"Volusia"
14727,"Fairfax"
14737,"Carroll"
14737,"Charles"
14737,"Frederick"
14737,"Harford"
14737,"Howard"
14737,"Montgomery"
14737,"Baltimore"
14742,"Jackson"
14742,"Wyandotte"
14742,"Sedgwick"
14742,"Douglas"
14742,"Clay"
14742,"Shawnee"
14763,"Fauquier"
14763,"Stafford"
14763,"Hampton"
14763,"Arlington"
14763,"Loudoun"
14763,"Fairfax"
14766,"Alameda"
14766,"Kern"
14766,"Riverside"
14766,"Santa Clara"
14766,"Sonoma"
14766,"Stanislaus"
14800,"Cobb"
14800,"Walker"
14800,"Clarke"
14800,"Whitfield"
14810,"Hardeman"
14810,"Madison"
14811,"Walker"
14814,"Butler"
14814,"Westmoreland"
14815,"Frederick"
14862,"Will"
14864,"DuPage"
14872,"Santa Clara"
14873,"San Francisco"
14873,"Santa Clara"
14873,"Alameda"
14873,"Santa Cruz"
14876,"Cayuga"
14876,"Montgomery"
14876,"Oswego"
14876,"Oneida"
14876,"Seneca"
14876,"Niagara"
14876,"Madison"
14876,"Lewis"
14876,"Cortland"
14876,"Broome"
14876,"Erie"
14912,"Matanuska-Susitna"
14912,"Anchorage"
14912,"Kenai Peninsula"
14919,"Suffolk"
14920,"Montgomery"
14924,"Monroe"
14924,"Rockland"
14928,"Cache"
14928,"Davis"
14928,"Salt Lake"
14928,"Weber"
14929,"Salt Lake"
14929,"Utah"
14929,"Cache"
14929,"Davis"
14936,"Pike"
14936,"Wayne"
14936,"Washington"
14936,"Ross"
14936,"Lawrence"
14936,"Jackson"
14936,"Highland"
14936,"Hamilton"
14936,"Gallia"
14936,"Athens"
14936,"Adams"
14936,"Vinton"
14954,"Hillsborough"
14956,"Suffolk"
14959,"Madison"
14959,"Oneida"
14959,"St. Lawrence"
14959,"Otsego"
14959,"Ontario"
14959,"Chenango"
14959,"Jefferson"
14959,"Oswego"
14959,"Franklin"
14959,"Cortland"
14959,"Lewis"
14961,"Albany"
14961,"Cortland"
14961,"Madison"
14961,"Oswego"
14962,"Weld"
14962,"Larimer"
14982,"Bucks"
14982,"Lehigh"
14982,"Philadelphia"
15009,"Laurens"
15020,"Anne Arundel"
15020,"Frederick"
15020,"Howard"
15033,"Imperial"
15038,"Pitt"
15038,"Sampson"
15038,"Onslow"
15038,"Johnston"
15038,"Franklin"
15038,"Burke"
15038,"Nash"
15038,"Wake"
15049,"King"
15051,"Macon"
15063,"Clay"
15063,"Wabash"
15063,"Crawford"
15063,"Richland"
15074,"Hartford"
15074,"Litchfield"
15074,"Middlesex"
15074,"New Haven"
15075,"Berks"
15081,"Caddo"
15081,"Cleveland"
15081,"Comanche"
15081,"Stephens"
15082,"Marshall"
15082,"Talladega"
15084,"Medina"
15105,"Baltimore"
15105,"Baltimore City"
15105,"Frederick"
15105,"Montgomery"
15109,"Cache"
15109,"Salt Lake"
15109,"Utah"
15116,"Grant"
15116,"King"
15116,"Kittitas"
15116,"Pierce"
15116,"Snohomish"
15116,"Spokane"
15116,"Whatcom"
15125,"Union"
15146,"San Diego"
15163,"Lee"
15163,"St. Lucie"
15163,"Sarasota"
15163,"Polk"
15163,"Manatee"
15163,"Citrus"
15163,"Leon"
15163,"Hillsborough"
15163,"DeSoto"
15163,"Indian River"
15163,"Charlotte"
15163,"Brevard"
15163,"Flagler"
15224,"St. Mary's"
15224,"Montgomery"
15225,"Montgomery"
15231,"Arapahoe"
15231,"Weld"
15231,"Broomfield"
15247,"Sevier"
15247,"Union"
15247,"Warren"
15264,"Snohomish"
15267,"Kit Carson"
15267,"Summit"
15267,"Denver"
15267,"Boulder"
15267,"Broomfield"
15267,"Elbert"
15268,"Hamilton"
15294,"Shackelford"
15294,"Taylor"
15294,"Jones"
15307,"Santa Rosa"
15309,"Oswego"
15342,"Santa Cruz"
15358,"Santa Clara"
15361,"Alameda"
15361,"San Mateo"
15414,"Wayne"
15444,"Norfolk"
15464,"Beaver"
15468,"Chesterfield"
15468,"Goochland"
15468,"Henrico"
15468,"New Kent"
15468,"Powhatan"
15468,"Richmond"
15469,"Brunswick"
15469,"Richmond"
15469,"Prince George"
15469,"James City"
15469,"Hopewell"
15469,"Colonial Heights"
15469,"Henrico"
15470,"Alameda"
15470,"Contra Costa"
15470,"Santa Clara"
15470,"Sonoma"
15471,"Yolo"
15471,"San Mateo"
15471,"Sacramento"
15471,"Marin"
15472,"Fresno"
15472,"Placer"
15472,"Sacramento"
15472,"San Francisco"
15472,"Contra Costa"
15473,"Contra Costa"
15473,"Marin"
15473,"San Mateo"
15473,"Solano"
15477,"Burke"
15477,"Union"
15477,"Mecklenburg"
15477,"Lincoln"
15477,"Iredell"
15477,"Caldwell"
15477,"Alexander"
15477,"Catawba"
15490,"Alachua"
15490,"Polk"
15493,"Contra Costa"
15501,"Arapahoe"
15506,"Weld"
15513,"Contra Costa"
15513,"Fresno"
15513,"Los Angeles"
15513,"Orange"
15513,"Placer"
15514,"San Mateo"
15514,"Sonoma"
15514,"Humboldt"
15515,"Riverside"
15515,"Los Angeles"
15519,"Los Angeles"
15519,"Riverside"
15519,"San Bernardino"
15541,"Los Angeles"
15542,"Los Angeles"
15542,"Riverside"
15542,"San Francisco"
15548,"Boulder"
15551,"Charlottesville"
15551,"Hanover"
15629,"Lincoln"
