"FIPS code","County name","State"
1001,"Autauga","Alabama"
1003,"Baldwin","Alabama"
1005,"Barbour","Alabama"
1007,"Bibb","Alabama"
1009,"Blount","Alabama"
1011,"Bullock","Alabama"
1013,"Butler","Alabama"
1015,"Calhoun","Alabama"
1017,"Chambers","Alabama"
1019,"Cherokee","Alabama"
1021,"Chilton","Alabama"
1023,"Choctaw","Alabama"
1025,"Clarke","Alabama"
1027,"Clay","Alabama"
1029,"Cleburne","Alabama"
1031,"Coffee","Alabama"
1033,"Colbert","Alabama"
1035,"Conecuh","Alabama"
1039,"Covington","Alabama"
1041,"Crenshaw","Alabama"
1043,"Cullman","Alabama"
1045,"Dale","Alabama"
1047,"Dallas","Alabama"
1049,"DeKalb","Alabama"
1051,"Elmore","Alabama"
1053,"Escambia","Alabama"
1055,"Etowah","Alabama"
1057,"Fayette","Alabama"
1059,"Franklin","Alabama"
1061,"Geneva","Alabama"
1063,"Greene","Alabama"
1065,"Hale","Alabama"
1067,"Henry","Alabama"
1069,"Houston","Alabama"
1071,"Jackson","Alabama"
1073,"Jefferson","Alabama"
1075,"Lamar","Alabama"
1077,"Lauderdale","Alabama"
1079,"Lawrence","Alabama"
1081,"Lee","Alabama"
1083,"Limestone","Alabama"
1085,"Lowndes","Alabama"
1087,"Macon","Alabama"
1089,"Madison","Alabama"
1091,"Marengo","Alabama"
1093,"Marion","Alabama"
1095,"Marshall","Alabama"
1097,"Mobile","Alabama"
1099,"Monroe","Alabama"
1101,"Montgomery","Alabama"
1103,"Morgan","Alabama"
1105,"Perry","Alabama"
1107,"Pickens","Alabama"
1109,"Pike","Alabama"
1111,"Randolph","Alabama"
1113,"Russell","Alabama"
1115,"St. Clair","Alabama"
1117,"Shelby","Alabama"
1119,"Sumter","Alabama"
1121,"Talladega","Alabama"
1123,"Tallapoosa","Alabama"
1125,"Tuscaloosa","Alabama"
1127,"Walker","Alabama"
1129,"Washington","Alabama"
1131,"Wilcox","Alabama"
1133,"Winston","Alabama"
4003,"Cochise","Arizona"
4007,"Gila","Arizona"
4009,"Graham","Arizona"
4011,"Greenlee","Arizona"
4012,"La Paz","Arizona"
4013,"Maricopa","Arizona"
4015,"Mohave","Arizona"
4019,"Pima","Arizona"
4021,"Pinal","Arizona"
4025,"Yavapai","Arizona"
4027,"Yuma","Arizona"
5001,"Arkansas","Arkansas"
5003,"Ashley","Arkansas"
5005,"Baxter","Arkansas"
5007,"Benton","Arkansas"
5009,"Boone","Arkansas"
5011,"Bradley","Arkansas"
5013,"Calhoun","Arkansas"
5015,"Carroll","Arkansas"
5017,"Chicot","Arkansas"
5019,"Clark","Arkansas"
5021,"Clay","Arkansas"
5023,"Cleburne","Arkansas"
5025,"Cleveland","Arkansas"
5027,"Columbia","Arkansas"
5029,"Conway","Arkansas"
5031,"Craighead","Arkansas"
5033,"Crawford","Arkansas"
5035,"Crittenden","Arkansas"
5037,"Cross","Arkansas"
5039,"Dallas","Arkansas"
5041,"Desha","Arkansas"
5043,"Drew","Arkansas"
5045,"Faulkner","Arkansas"
5047,"Franklin","Arkansas"
5049,"Fulton","Arkansas"
5053,"Grant","Arkansas"
5055,"Greene","Arkansas"
5057,"Hempstead","Arkansas"
5059,"Hot Spring","Arkansas"
5061,"Howard","Arkansas"
5063,"Independence","Arkansas"
5065,"Izard","Arkansas"
5067,"Jackson","Arkansas"
5069,"Jefferson","Arkansas"
5071,"Johnson","Arkansas"
5073,"Lafayette","Arkansas"
5075,"Lawrence","Arkansas"
5077,"Lee","Arkansas"
5079,"Lincoln","Arkansas"
5081,"Little River","Arkansas"
5083,"Logan","Arkansas"
5085,"Lonoke","Arkansas"
5087,"Madison","Arkansas"
5089,"Marion","Arkansas"
5091,"Miller","Arkansas"
5093,"Mississippi","Arkansas"
5095,"Monroe","Arkansas"
5099,"Nevada","Arkansas"
5101,"Newton","Arkansas"
5103,"Ouachita","Arkansas"
5105,"Perry","Arkansas"
5107,"Phillips","Arkansas"
5109,"Pike","Arkansas"
5111,"Poinsett","Arkansas"
5115,"Pope","Arkansas"
5117,"Prairie","Arkansas"
5119,"Pulaski","Arkansas"
5121,"Randolph","Arkansas"
5123,"St. Francis","Arkansas"
5125,"Saline","Arkansas"
5129,"Searcy","Arkansas"
5131,"Sebastian","Arkansas"
5133,"Sevier","Arkansas"
5135,"Sharp","Arkansas"
5137,"Stone","Arkansas"
5139,"Union","Arkansas"
5141,"Van Buren","Arkansas"
5143,"Washington","Arkansas"
5145,"White","Arkansas"
5147,"Woodruff","Arkansas"
5149,"Yell","Arkansas"
6001,"Alameda","California"
6003,"Alpine","California"
6005,"Amador","California"
6007,"Butte","California"
6011,"Colusa","California"
6013,"Contra Costa","California"
6019,"Fresno","California"
6021,"Glenn","California"
6023,"Humboldt","California"
6025,"Imperial","California"
6029,"Kern","California"
6031,"Kings","California"
6035,"Lassen","California"
6037,"Los Angeles","California"
6039,"Madera","California"
6041,"Marin","California"
6047,"Merced","California"
6049,"Modoc","California"
6051,"Mono","California"
6053,"Monterey","California"
6061,"Placer","California"
6063,"Plumas","California"
6065,"Riverside","California"
6067,"Sacramento","California"
6069,"San Benito","California"
6071,"San Bernardino","California"
6077,"San Joaquin","California"
6079,"San Luis Obispo","California"
6083,"Santa Barbara","California"
6085,"Santa Clara","California"
6089,"Shasta","California"
6091,"Sierra","California"
6093,"Siskiyou","California"
6095,"Solano","California"
6097,"Sonoma","California"
6099,"Stanislaus","California"
6101,"Sutter","California"
6103,"Tehama","California"
6105,"Trinity","California"
6107,"Tulare","California"
6113,"Yolo","California"
6115,"Yuba","California"
8001,"Adams","Colorado"
8003,"Alamosa","Colorado"
8005,"Arapahoe","Colorado"
8007,"Archuleta","Colorado"
8009,"Baca","Colorado"
8011,"Bent","Colorado"
8013,"Boulder","Colorado"
8017,"Cheyenne","Colorado"
8021,"Conejos","Colorado"
8023,"Costilla","Colorado"
8025,"Crowley","Colorado"
8027,"Custer","Colorado"
8029,"Delta","Colorado"
8033,"Dolores","Colorado"
8035,"Douglas","Colorado"
8037,"Eagle","Colorado"
8039,"Elbert","Colorado"
8041,"El Paso","Colorado"
8043,"Fremont","Colorado"
8045,"Garfield","Colorado"
8049,"Grand","Colorado"
8055,"Huerfano","Colorado"
8059,"Jefferson","Colorado"
8061,"Kiowa","Colorado"
8063,"Kit Carson","Colorado"
8067,"La Plata","Colorado"
8069,"Larimer","Colorado"
8071,"Las Animas","Colorado"
8073,"Lincoln","Colorado"
8075,"Logan","Colorado"
8077,"Mesa","Colorado"
8081,"Moffat","Colorado"
8083,"Montezuma","Colorado"
8085,"Montrose","Colorado"
8087,"Morgan","Colorado"
8089,"Otero","Colorado"
8091,"Ouray","Colorado"
8095,"Phillips","Colorado"
8097,"Pitkin","Colorado"
8099,"Prowers","Colorado"
8101,"Pueblo","Colorado"
8103,"Rio Blanco","Colorado"
8105,"Rio Grande","Colorado"
8107,"Routt","Colorado"
8109,"Saguache","Colorado"
8113,"San Miguel","Colorado"
8115,"Sedgwick","Colorado"
8121,"Washington","Colorado"
8123,"Weld","Colorado"
8125,"Yuma","Colorado"
9001,"Fairfield","Connecticut"
9003,"Hartford","Connecticut"
9005,"Litchfield","Connecticut"
9007,"Middlesex","Connecticut"
9009,"New Haven","Connecticut"
9011,"New London","Connecticut"
9013,"Tolland","Connecticut"
9015,"Windham","Connecticut"
10001,"Kent","Delaware"
10003,"New Castle","Delaware"
10005,"Sussex","Delaware"
12001,"Alachua","Florida"
12003,"Baker","Florida"
12007,"Bradford","Florida"
12009,"Brevard","Florida"
12013,"Calhoun","Florida"
12017,"Citrus","Florida"
12023,"Columbia","Florida"
12027,"DeSoto","Florida"
12029,"Dixie","Florida"
12031,"Duval","Florida"
12033,"Escambia","Florida"
12035,"Flagler","Florida"
12039,"Gadsden","Florida"
12041,"Gilchrist","Florida"
12043,"Glades","Florida"
12045,"Gulf","Florida"
12047,"Hamilton","Florida"
12051,"Hendry","Florida"
12053,"Hernando","Florida"
12055,"Highlands","Florida"
12059,"Holmes","Florida"
12063,"Jackson","Florida"
12065,"Jefferson","Florida"
12067,"Lafayette","Florida"
12069,"Lake","Florida"
12073,"Leon","Florida"
12075,"Levy","Florida"
12077,"Liberty","Florida"
12079,"Madison","Florida"
12081,"Manatee","Florida"
12083,"Marion","Florida"
12085,"Martin","Florida"
12089,"Nassau","Florida"
12091,"Okaloosa","Florida"
12093,"Okeechobee","Florida"
12097,"Osceola","Florida"
12099,"Palm Beach","Florida"
12101,"Pasco","Florida"
12107,"Putnam","Florida"
12109,"St. Johns","Florida"
12113,"Santa Rosa","Florida"
12115,"Sarasota","Florida"
12119,"Sumter","Florida"
12121,"Suwannee","Florida"
12123,"Taylor","Florida"
12125,"Union","Florida"
12129,"Wakulla","Florida"
12131,"Walton","Florida"
12133,"Washington","Florida"
13001,"Appling","Georgia"
13003,"Atkinson","Georgia"
13005,"Bacon","Georgia"
13007,"Baker","Georgia"
13009,"Baldwin","Georgia"
13011,"Banks","Georgia"
13013,"Barrow","Georgia"
13015,"Bartow","Georgia"
13017,"Ben Hill","Georgia"
13019,"Berrien","Georgia"
13021,"Bibb","Georgia"
13023,"Bleckley","Georgia"
13025,"Brantley","Georgia"
13027,"Brooks","Georgia"
13029,"Bryan","Georgia"
13031,"Bulloch","Georgia"
13033,"Burke","Georgia"
13035,"Butts","Georgia"
13037,"Calhoun","Georgia"
13043,"Candler","Georgia"
13045,"Carroll","Georgia"
13047,"Catoosa","Georgia"
13049,"Charlton","Georgia"
13051,"Chatham","Georgia"
13053,"Chattahoochee","Georgia"
13055,"Chattooga","Georgia"
13057,"Cherokee","Georgia"
13059,"Clarke","Georgia"
13061,"Clay","Georgia"
13065,"Clinch","Georgia"
13069,"Coffee","Georgia"
13071,"Colquitt","Georgia"
13073,"Columbia","Georgia"
13075,"Cook","Georgia"
13077,"Coweta","Georgia"
13079,"Crawford","Georgia"
13081,"Crisp","Georgia"
13083,"Dade","Georgia"
13085,"Dawson","Georgia"
13087,"Decatur","Georgia"
13091,"Dodge","Georgia"
13093,"Dooly","Georgia"
13095,"Dougherty","Georgia"
13097,"Douglas","Georgia"
13099,"Early","Georgia"
13101,"Echols","Georgia"
13103,"Effingham","Georgia"
13105,"Elbert","Georgia"
13107,"Emanuel","Georgia"
13109,"Evans","Georgia"
13111,"Fannin","Georgia"
13113,"Fayette","Georgia"
13115,"Floyd","Georgia"
13117,"Forsyth","Georgia"
13119,"Franklin","Georgia"
13123,"Gilmer","Georgia"
13125,"Glascock","Georgia"
13129,"Gordon","Georgia"
13131,"Grady","Georgia"
13133,"Greene","Georgia"
13135,"Gwinnett","Georgia"
13137,"Habersham","Georgia"
13139,"Hall","Georgia"
13141,"Hancock","Georgia"
13143,"Haralson","Georgia"
13145,"Harris","Georgia"
13147,"Hart","Georgia"
13149,"Heard","Georgia"
13151,"Henry","Georgia"
13153,"Houston","Georgia"
13155,"Irwin","Georgia"
13157,"Jackson","Georgia"
13159,"Jasper","Georgia"
13161,"Jeff Davis","Georgia"
13163,"Jefferson","Georgia"
13165,"Jenkins","Georgia"
13167,"Johnson","Georgia"
13169,"Jones","Georgia"
13171,"Lamar","Georgia"
13173,"Lanier","Georgia"
13175,"Laurens","Georgia"
13177,"Lee","Georgia"
13179,"Liberty","Georgia"
13181,"Lincoln","Georgia"
13183,"Long","Georgia"
13185,"Lowndes","Georgia"
13187,"Lumpkin","Georgia"
13189,"McDuffie","Georgia"
13193,"Macon","Georgia"
13195,"Madison","Georgia"
13197,"Marion","Georgia"
13199,"Meriwether","Georgia"
13201,"Miller","Georgia"
13205,"Mitchell","Georgia"
13207,"Monroe","Georgia"
13209,"Montgomery","Georgia"
13211,"Morgan","Georgia"
13213,"Murray","Georgia"
13217,"Newton","Georgia"
13219,"Oconee","Georgia"
13221,"Oglethorpe","Georgia"
13225,"Peach","Georgia"
13227,"Pickens","Georgia"
13229,"Pierce","Georgia"
13231,"Pike","Georgia"
13233,"Polk","Georgia"
13235,"Pulaski","Georgia"
13237,"Putnam","Georgia"
13239,"Quitman","Georgia"
13241,"Rabun","Georgia"
13243,"Randolph","Georgia"
13245,"Richmond","Georgia"
13247,"Rockdale","Georgia"
13249,"Schley","Georgia"
13251,"Screven","Georgia"
13253,"Seminole","Georgia"
13255,"Spalding","Georgia"
13257,"Stephens","Georgia"
13259,"Stewart","Georgia"
13261,"Sumter","Georgia"
13263,"Talbot","Georgia"
13265,"Taliaferro","Georgia"
13267,"Tattnall","Georgia"
13269,"Taylor","Georgia"
13271,"Telfair","Georgia"
13273,"Terrell","Georgia"
13275,"Thomas","Georgia"
13277,"Tift","Georgia"
13279,"Toombs","Georgia"
13281,"Towns","Georgia"
13283,"Treutlen","Georgia"
13285,"Troup","Georgia"
13287,"Turner","Georgia"
13289,"Twiggs","Georgia"
13291,"Union","Georgia"
13293,"Upson","Georgia"
13295,"Walker","Georgia"
13297,"Walton","Georgia"
13299,"Ware","Georgia"
13301,"Warren","Georgia"
13303,"Washington","Georgia"
13305,"Wayne","Georgia"
13307,"Webster","Georgia"
13309,"Wheeler","Georgia"
13311,"White","Georgia"
13313,"Whitfield","Georgia"
13315,"Wilcox","Georgia"
13317,"Wilkes","Georgia"
13319,"Wilkinson","Georgia"
13321,"Worth","Georgia"
16001,"Ada","Idaho"
16003,"Adams","Idaho"
16005,"Bannock","Idaho"
16007,"Bear Lake","Idaho"
16009,"Benewah","Idaho"
16011,"Bingham","Idaho"
16013,"Blaine","Idaho"
16015,"Boise","Idaho"
16017,"Bonner","Idaho"
16019,"Bonneville","Idaho"
16021,"Boundary","Idaho"
16023,"Butte","Idaho"
16025,"Camas","Idaho"
16027,"Canyon","Idaho"
16029,"Caribou","Idaho"
16031,"Cassia","Idaho"
16033,"Clark","Idaho"
16035,"Clearwater","Idaho"
16037,"Custer","Idaho"
16039,"Elmore","Idaho"
16041,"Franklin","Idaho"
16043,"Fremont","Idaho"
16045,"Gem","Idaho"
16047,"Gooding","Idaho"
16049,"Idaho","Idaho"
16051,"Jefferson","Idaho"
16053,"Jerome","Idaho"
16055,"Kootenai","Idaho"
16057,"Latah","Idaho"
16059,"Lemhi","Idaho"
16061,"Lewis","Idaho"
16063,"Lincoln","Idaho"
16065,"Madison","Idaho"
16067,"Minidoka","Idaho"
16069,"Nez Perce","Idaho"
16071,"Oneida","Idaho"
16073,"Owyhee","Idaho"
16075,"Payette","Idaho"
16077,"Power","Idaho"
16081,"Teton","Idaho"
16083,"Twin Falls","Idaho"
16085,"Valley","Idaho"
16087,"Washington","Idaho"
17001,"Adams","Illionis"
17003,"Alexander","Illionis"
17005,"Bond","Illionis"
17007,"Boone","Illionis"
17009,"Brown","Illionis"
17011,"Bureau","Illionis"
17013,"Calhoun","Illionis"
17015,"Carroll","Illionis"
17017,"Cass","Illionis"
17019,"Champaign","Illionis"
17021,"Christian","Illionis"
17023,"Clark","Illionis"
17025,"Clay","Illionis"
17027,"Clinton","Illionis"
17029,"Coles","Illionis"
17031,"Cook","Illionis"
17033,"Crawford","Illionis"
17035,"Cumberland","Illionis"
17037,"DeKalb","Illionis"
17039,"De Witt","Illionis"
17041,"Douglas","Illionis"
17043,"DuPage","Illionis"
17045,"Edgar","Illionis"
17047,"Edwards","Illionis"
17049,"Effingham","Illionis"
17051,"Fayette","Illionis"
17053,"Ford","Illionis"
17055,"Franklin","Illionis"
17057,"Fulton","Illionis"
17059,"Gallatin","Illionis"
17061,"Greene","Illionis"
17063,"Grundy","Illionis"
17065,"Hamilton","Illionis"
17067,"Hancock","Illionis"
17069,"Hardin","Illionis"
17071,"Henderson","Illionis"
17073,"Henry","Illionis"
17075,"Iroquois","Illionis"
17077,"Jackson","Illionis"
17079,"Jasper","Illionis"
17081,"Jefferson","Illionis"
17083,"Jersey","Illionis"
17085,"Jo Daviess","Illionis"
17087,"Johnson","Illionis"
17089,"Kane","Illionis"
17091,"Kankakee","Illionis"
17093,"Kendall","Illionis"
17095,"Knox","Illionis"
17097,"Lake","Illionis"
17099,"La Salle","Illionis"
17101,"Lawrence","Illionis"
17103,"Lee","Illionis"
17105,"Livingston","Illionis"
17107,"Logan","Illionis"
17109,"McDonough","Illionis"
17111,"McHenry","Illionis"
17113,"McLean","Illionis"
17115,"Macon","Illionis"
17117,"Macoupin","Illionis"
17119,"Madison","Illionis"
17121,"Marion","Illionis"
17123,"Marshall","Illionis"
17125,"Mason","Illionis"
17127,"Massac","Illionis"
17129,"Menard","Illionis"
17131,"Mercer","Illionis"
17133,"Monroe","Illionis"
17135,"Montgomery","Illionis"
17137,"Morgan","Illionis"
17139,"Moultrie","Illionis"
17141,"Ogle","Illionis"
17143,"Peoria","Illionis"
17145,"Perry","Illionis"
17147,"Piatt","Illionis"
17149,"Pike","Illionis"
17151,"Pope","Illionis"
17153,"Pulaski","Illionis"
17155,"Putnam","Illionis"
17157,"Randolph","Illionis"
17159,"Richland","Illionis"
17161,"Rock Island","Illionis"
17163,"St. Clair","Illionis"
17165,"Saline","Illionis"
17167,"Sangamon","Illionis"
17169,"Schuyler","Illionis"
17171,"Scott","Illionis"
17173,"Shelby","Illionis"
17175,"Stark","Illionis"
17177,"Stephenson","Illionis"
17179,"Tazewell","Illionis"
17181,"Union","Illionis"
17183,"Vermilion","Illionis"
17185,"Wabash","Illionis"
17187,"Warren","Illionis"
17189,"Washington","Illionis"
17191,"Wayne","Illionis"
17193,"White","Illionis"
17195,"Whiteside","Illionis"
17197,"Will","Illionis"
17199,"Williamson","Illionis"
17201,"Winnebago","Illionis"
17203,"Woodford","Illionis"
18001,"Adams","Indiana"
18003,"Allen","Indiana"
18005,"Bartholomew","Indiana"
18007,"Benton","Indiana"
18009,"Blackford","Indiana"
18011,"Boone","Indiana"
18013,"Brown","Indiana"
18015,"Carroll","Indiana"
18017,"Cass","Indiana"
18019,"Clark","Indiana"
18021,"Clay","Indiana"
18023,"Clinton","Indiana"
18025,"Crawford","Indiana"
18027,"Daviess","Indiana"
18029,"Dearborn","Indiana"
18031,"Decatur","Indiana"
18033,"De Kalb","Indiana"
18035,"Delaware","Indiana"
18037,"Dubois","Indiana"
18039,"Elkhart","Indiana"
18041,"Fayette","Indiana"
18043,"Floyd","Indiana"
18045,"Fountain","Indiana"
18047,"Franklin","Indiana"
18049,"Fulton","Indiana"
18051,"Gibson","Indiana"
18053,"Grant","Indiana"
18055,"Greene","Indiana"
18057,"Hamilton","Indiana"
18059,"Hancock","Indiana"
18061,"Harrison","Indiana"
18063,"Hendricks","Indiana"
18065,"Henry","Indiana"
18067,"Howard","Indiana"
18069,"Huntington","Indiana"
18071,"Jackson","Indiana"
18073,"Jasper","Indiana"
18075,"Jay","Indiana"
18077,"Jefferson","Indiana"
18079,"Jennings","Indiana"
18081,"Johnson","Indiana"
18083,"Knox","Indiana"
18085,"Kosciusko","Indiana"
18087,"Lagrange","Indiana"
18089,"Lake","Indiana"
18091,"La Porte","Indiana"
18093,"Lawrence","Indiana"
18095,"Madison","Indiana"
18097,"Marion","Indiana"
18099,"Marshall","Indiana"
18101,"Martin","Indiana"
18103,"Miami","Indiana"
18105,"Monroe","Indiana"
18107,"Montgomery","Indiana"
18109,"Morgan","Indiana"
18111,"Newton","Indiana"
18113,"Noble","Indiana"
18115,"Ohio","Indiana"
18117,"Orange","Indiana"
18119,"Owen","Indiana"
18121,"Parke","Indiana"
18123,"Perry","Indiana"
18125,"Pike","Indiana"
18127,"Porter","Indiana"
18129,"Posey","Indiana"
18131,"Pulaski","Indiana"
18133,"Putnam","Indiana"
18135,"Randolph","Indiana"
18137,"Ripley","Indiana"
18139,"Rush","Indiana"
18141,"St. Joseph","Indiana"
18143,"Scott","Indiana"
18145,"Shelby","Indiana"
18147,"Spencer","Indiana"
18149,"Starke","Indiana"
18151,"Steuben","Indiana"
18153,"Sullivan","Indiana"
18155,"Switzerland","Indiana"
18157,"Tippecanoe","Indiana"
18159,"Tipton","Indiana"
18161,"Union","Indiana"
18163,"Vanderburgh","Indiana"
18165,"Vermillion","Indiana"
18167,"Vigo","Indiana"
18169,"Wabash","Indiana"
18171,"Warren","Indiana"
18173,"Warrick","Indiana"
18175,"Washington","Indiana"
18177,"Wayne","Indiana"
18179,"Wells","Indiana"
18181,"White","Indiana"
18183,"Whitley","Indiana"
19001,"Adair","Iowa"
19003,"Adams","Iowa"
19005,"Allamakee","Iowa"
19007,"Appanoose","Iowa"
19009,"Audubon","Iowa"
19011,"Benton","Iowa"
19013,"Black Hawk","Iowa"
19015,"Boone","Iowa"
19017,"Bremer","Iowa"
19019,"Buchanan","Iowa"
19021,"Buena Vista","Iowa"
19023,"Butler","Iowa"
19025,"Calhoun","Iowa"
19027,"Carroll","Iowa"
19029,"Cass","Iowa"
19031,"Cedar","Iowa"
19033,"Cerro Gordo","Iowa"
19035,"Cherokee","Iowa"
19037,"Chickasaw","Iowa"
19039,"Clarke","Iowa"
19041,"Clay","Iowa"
19043,"Clayton","Iowa"
19045,"Clinton","Iowa"
19047,"Crawford","Iowa"
19049,"Dallas","Iowa"
19051,"Davis","Iowa"
19053,"Decatur","Iowa"
19055,"Delaware","Iowa"
19057,"Des Moines","Iowa"
19059,"Dickinson","Iowa"
19061,"Dubuque","Iowa"
19063,"Emmet","Iowa"
19065,"Fayette","Iowa"
19067,"Floyd","Iowa"
19069,"Franklin","Iowa"
19071,"Fremont","Iowa"
19073,"Greene","Iowa"
19075,"Grundy","Iowa"
19077,"Guthrie","Iowa"
19079,"Hamilton","Iowa"
19081,"Hancock","Iowa"
19083,"Hardin","Iowa"
19085,"Harrison","Iowa"
19087,"Henry","Iowa"
19089,"Howard","Iowa"
19091,"Humboldt","Iowa"
19093,"Ida","Iowa"
19095,"Iowa","Iowa"
19097,"Jackson","Iowa"
19099,"Jasper","Iowa"
19101,"Jefferson","Iowa"
19103,"Johnson","Iowa"
19105,"Jones","Iowa"
19107,"Keokuk","Iowa"
19109,"Kossuth","Iowa"
19111,"Lee","Iowa"
19113,"Linn","Iowa"
19115,"Louisa","Iowa"
19117,"Lucas","Iowa"
19119,"Lyon","Iowa"
19121,"Madison","Iowa"
19123,"Mahaska","Iowa"
19125,"Marion","Iowa"
19127,"Marshall","Iowa"
19129,"Mills","Iowa"
19131,"Mitchell","Iowa"
19133,"Monona","Iowa"
19135,"Monroe","Iowa"
19137,"Montgomery","Iowa"
19139,"Muscatine","Iowa"
19141,"O'Brien","Iowa"
19143,"Osceola","Iowa"
19145,"Page","Iowa"
19147,"Palo Alto","Iowa"
19149,"Plymouth","Iowa"
19151,"Pocahontas","Iowa"
19153,"Polk","Iowa"
19155,"Pottawattamie","Iowa"
19157,"Poweshiek","Iowa"
19159,"Ringgold","Iowa"
19161,"Sac","Iowa"
19163,"Scott","Iowa"
19165,"Shelby","Iowa"
19167,"Sioux","Iowa"
19169,"Story","Iowa"
19171,"Tama","Iowa"
19173,"Taylor","Iowa"
19175,"Union","Iowa"
19177,"Van Buren","Iowa"
19179,"Wapello","Iowa"
19181,"Warren","Iowa"
19183,"Washington","Iowa"
19185,"Wayne","Iowa"
19187,"Webster","Iowa"
19189,"Winnebago","Iowa"
19191,"Winneshiek","Iowa"
19193,"Woodbury","Iowa"
19195,"Worth","Iowa"
19197,"Wright","Iowa"
20001,"Allen","Kansas"
20003,"Anderson","Kansas"
20005,"Atchison","Kansas"
20007,"Barber","Kansas"
20009,"Barton","Kansas"
20011,"Bourbon","Kansas"
20013,"Brown","Kansas"
20015,"Butler","Kansas"
20017,"Chase","Kansas"
20019,"Chautauqua","Kansas"
20021,"Cherokee","Kansas"
20023,"Cheyenne","Kansas"
20025,"Clark","Kansas"
20027,"Clay","Kansas"
20029,"Cloud","Kansas"
20031,"Coffey","Kansas"
20033,"Comanche","Kansas"
20035,"Cowley","Kansas"
20037,"Crawford","Kansas"
20039,"Decatur","Kansas"
20041,"Dickinson","Kansas"
20043,"Doniphan","Kansas"
20045,"Douglas","Kansas"
20047,"Edwards","Kansas"
20049,"Elk","Kansas"
20051,"Ellis","Kansas"
20053,"Ellsworth","Kansas"
20055,"Finney","Kansas"
20057,"Ford","Kansas"
20059,"Franklin","Kansas"
20061,"Geary","Kansas"
20063,"Gove","Kansas"
20065,"Graham","Kansas"
20067,"Grant","Kansas"
20069,"Gray","Kansas"
20071,"Greeley","Kansas"
20073,"Greenwood","Kansas"
20075,"Hamilton","Kansas"
20077,"Harper","Kansas"
20079,"Harvey","Kansas"
20081,"Haskell","Kansas"
20083,"Hodgeman","Kansas"
20085,"Jackson","Kansas"
20087,"Jefferson","Kansas"
20089,"Jewell","Kansas"
20091,"Johnson","Kansas"
20093,"Kearny","Kansas"
20095,"Kingman","Kansas"
20097,"Kiowa","Kansas"
20099,"Labette","Kansas"
20101,"Lane","Kansas"
20103,"Leavenworth","Kansas"
20105,"Lincoln","Kansas"
20107,"Linn","Kansas"
20109,"Logan","Kansas"
20111,"Lyon","Kansas"
20113,"McPherson","Kansas"
20115,"Marion","Kansas"
20117,"Marshall","Kansas"
20119,"Meade","Kansas"
20121,"Miami","Kansas"
20123,"Mitchell","Kansas"
20125,"Montgomery","Kansas"
20127,"Morris","Kansas"
20129,"Morton","Kansas"
20131,"Nemaha","Kansas"
20133,"Neosho","Kansas"
20135,"Ness","Kansas"
20137,"Norton","Kansas"
20139,"Osage","Kansas"
20141,"Osborne","Kansas"
20143,"Ottawa","Kansas"
20145,"Pawnee","Kansas"
20147,"Phillips","Kansas"
20149,"Pottawatomie","Kansas"
20151,"Pratt","Kansas"
20153,"Rawlins","Kansas"
20155,"Reno","Kansas"
20157,"Republic","Kansas"
20159,"Rice","Kansas"
20161,"Riley","Kansas"
20163,"Rooks","Kansas"
20165,"Rush","Kansas"
20167,"Russell","Kansas"
20169,"Saline","Kansas"
20171,"Scott","Kansas"
20173,"Sedgwick","Kansas"
20175,"Seward","Kansas"
20177,"Shawnee","Kansas"
20179,"Sheridan","Kansas"
20181,"Sherman","Kansas"
20183,"Smith","Kansas"
20185,"Stafford","Kansas"
20187,"Stanton","Kansas"
20189,"Stevens","Kansas"
20191,"Sumner","Kansas"
20193,"Thomas","Kansas"
20195,"Trego","Kansas"
20197,"Wabaunsee","Kansas"
20199,"Wallace","Kansas"
20201,"Washington","Kansas"
20203,"Wichita","Kansas"
20205,"Wilson","Kansas"
20207,"Woodson","Kansas"
20209,"Wyandotte","Kansas"
21001,"Adair","Kentucky"
21003,"Allen","Kentucky"
21005,"Anderson","Kentucky"
21007,"Ballard","Kentucky"
21009,"Barren","Kentucky"
21011,"Bath","Kentucky"
21013,"Bell","Kentucky"
21015,"Boone","Kentucky"
21017,"Bourbon","Kentucky"
21019,"Boyd","Kentucky"
21021,"Boyle","Kentucky"
21023,"Bracken","Kentucky"
21025,"Breathitt","Kentucky"
21027,"Breckinridge","Kentucky"
21029,"Bullitt","Kentucky"
21031,"Butler","Kentucky"
21033,"Caldwell","Kentucky"
21035,"Calloway","Kentucky"
21037,"Campbell","Kentucky"
21039,"Carlisle","Kentucky"
21041,"Carroll","Kentucky"
21043,"Carter","Kentucky"
21045,"Casey","Kentucky"
21047,"Christian","Kentucky"
21049,"Clark","Kentucky"
21051,"Clay","Kentucky"
21053,"Clinton","Kentucky"
21055,"Crittenden","Kentucky"
21057,"Cumberland","Kentucky"
21059,"Daviess","Kentucky"
21061,"Edmonson","Kentucky"
21063,"Elliott","Kentucky"
21065,"Estill","Kentucky"
21067,"Fayette","Kentucky"
21069,"Fleming","Kentucky"
21071,"Floyd","Kentucky"
21073,"Franklin","Kentucky"
21075,"Fulton","Kentucky"
21077,"Gallatin","Kentucky"
21079,"Garrard","Kentucky"
21081,"Grant","Kentucky"
21083,"Graves","Kentucky"
21085,"Grayson","Kentucky"
21087,"Green","Kentucky"
21089,"Greenup","Kentucky"
21091,"Hancock","Kentucky"
21093,"Hardin","Kentucky"
21097,"Harrison","Kentucky"
21099,"Hart","Kentucky"
21101,"Henderson","Kentucky"
21103,"Henry","Kentucky"
21105,"Hickman","Kentucky"
21107,"Hopkins","Kentucky"
21109,"Jackson","Kentucky"
21111,"Jefferson","Kentucky"
21113,"Jessamine","Kentucky"
21115,"Johnson","Kentucky"
21117,"Kenton","Kentucky"
21119,"Knott","Kentucky"
21121,"Knox","Kentucky"
21123,"Larue","Kentucky"
21125,"Laurel","Kentucky"
21127,"Lawrence","Kentucky"
21129,"Lee","Kentucky"
21135,"Lewis","Kentucky"
21137,"Lincoln","Kentucky"
21139,"Livingston","Kentucky"
21141,"Logan","Kentucky"
21143,"Lyon","Kentucky"
21145,"McCracken","Kentucky"
21147,"McCreary","Kentucky"
21149,"McLean","Kentucky"
21151,"Madison","Kentucky"
21153,"Magoffin","Kentucky"
21155,"Marion","Kentucky"
21157,"Marshall","Kentucky"
21161,"Mason","Kentucky"
21163,"Meade","Kentucky"
21165,"Menifee","Kentucky"
21167,"Mercer","Kentucky"
21169,"Metcalfe","Kentucky"
21171,"Monroe","Kentucky"
21173,"Montgomery","Kentucky"
21175,"Morgan","Kentucky"
21177,"Muhlenberg","Kentucky"
21179,"Nelson","Kentucky"
21181,"Nicholas","Kentucky"
21183,"Ohio","Kentucky"
21185,"Oldham","Kentucky"
21187,"Owen","Kentucky"
21189,"Owsley","Kentucky"
21191,"Pendleton","Kentucky"
21193,"Perry","Kentucky"
21195,"Pike","Kentucky"
21197,"Powell","Kentucky"
21199,"Pulaski","Kentucky"
21201,"Robertson","Kentucky"
21203,"Rockcastle","Kentucky"
21205,"Rowan","Kentucky"
21207,"Russell","Kentucky"
21209,"Scott","Kentucky"
21211,"Shelby","Kentucky"
21213,"Simpson","Kentucky"
21215,"Spencer","Kentucky"
21217,"Taylor","Kentucky"
21219,"Todd","Kentucky"
21221,"Trigg","Kentucky"
21223,"Trimble","Kentucky"
21225,"Union","Kentucky"
21227,"Warren","Kentucky"
21229,"Washington","Kentucky"
21231,"Wayne","Kentucky"
21233,"Webster","Kentucky"
21235,"Whitley","Kentucky"
21237,"Wolfe","Kentucky"
21239,"Woodford","Kentucky"
22001,"Acadia","Louisiana"
22003,"Allen","Louisiana"
22005,"Ascension","Louisiana"
22007,"Assumption","Louisiana"
22009,"Avoyelles","Louisiana"
22011,"Beauregard","Louisiana"
22013,"Bienville","Louisiana"
22015,"Bossier","Louisiana"
22017,"Caddo","Louisiana"
22019,"Calcasieu","Louisiana"
22021,"Caldwell","Louisiana"
22023,"Cameron","Louisiana"
22025,"Catahoula","Louisiana"
22027,"Claiborne","Louisiana"
22029,"Concordia","Louisiana"
22031,"De Soto","Louisiana"
22033,"East Baton Rouge","Louisiana"
22035,"East Carroll","Louisiana"
22037,"East Feliciana","Louisiana"
22039,"Evangeline","Louisiana"
22041,"Franklin","Louisiana"
22043,"Grant","Louisiana"
22045,"Iberia","Louisiana"
22047,"Iberville","Louisiana"
22049,"Jackson","Louisiana"
22053,"Jefferson Davis","Louisiana"
22055,"Lafayette","Louisiana"
22057,"Lafourche","Louisiana"
22059,"La Salle","Louisiana"
22065,"Madison","Louisiana"
22067,"Morehouse","Louisiana"
22069,"Natchitoches","Louisiana"
22073,"Ouachita","Louisiana"
22077,"Pointe Coupee","Louisiana"
22079,"Rapides","Louisiana"
22081,"Red River","Louisiana"
22083,"Richland","Louisiana"
22089,"St. Charles","Louisiana"
22091,"St. Helena","Louisiana"
22093,"St. James","Louisiana"
22095,"St. John the Baptist","Louisiana"
22097,"St. Landry","Louisiana"
22099,"St. Martin","Louisiana"
22101,"St. Mary","Louisiana"
22103,"St. Tammany","Louisiana"
22105,"Tangipahoa","Louisiana"
22107,"Tensas","Louisiana"
22109,"Terrebonne","Louisiana"
22111,"Union","Louisiana"
22113,"Vermilion","Louisiana"
22115,"Vernon","Louisiana"
22117,"Washington","Louisiana"
22119,"Webster","Louisiana"
22121,"West Baton Rouge","Louisiana"
22123,"West Carroll","Louisiana"
22125,"West Feliciana","Louisiana"
22127,"Winn","Louisiana"
23001,"Androscoggin","Maine"
23003,"Aroostook","Maine"
23005,"Cumberland","Maine"
23007,"Franklin","Maine"
23009,"Hancock","Maine"
23011,"Kennebec","Maine"
23013,"Knox","Maine"
23015,"Lincoln","Maine"
23017,"Oxford","Maine"
23019,"Penobscot","Maine"
23021,"Piscataquis","Maine"
23023,"Sagadahoc","Maine"
23025,"Somerset","Maine"
23027,"Waldo","Maine"
23029,"Washington","Maine"
23031,"York","Maine"
24001,"Allegany","Maryland"
24003,"Anne Arundel","Maryland"
24005,"Baltimore","Maryland"
24009,"Calvert","Maryland"
24011,"Caroline","Maryland"
24013,"Carroll","Maryland"
24015,"Cecil","Maryland"
24017,"Charles","Maryland"
24019,"Dorchester","Maryland"
24021,"Frederick","Maryland"
24023,"Garrett","Maryland"
24025,"Harford","Maryland"
24027,"Howard","Maryland"
24029,"Kent","Maryland"
24031,"Montgomery","Maryland"
24033,"Prince George's","Maryland"
24035,"Queen Anne's","Maryland"
24037,"St. Mary's","Maryland"
24039,"Somerset","Maryland"
24041,"Talbot","Maryland"
24043,"Washington","Maryland"
24045,"Wicomico","Maryland"
24047,"Worcester","Maryland"
25001,"Barnstable","Massachusetts"
25003,"Berkshire","Massachusetts"
25005,"Bristol","Massachusetts"
25007,"Dukes","Massachusetts"
25009,"Essex","Massachusetts"
25011,"Franklin","Massachusetts"
25013,"Hampden","Massachusetts"
25015,"Hampshire","Massachusetts"
25017,"Middlesex","Massachusetts"
25021,"Norfolk","Massachusetts"
25023,"Plymouth","Massachusetts"
25027,"Worcester","Massachusetts"
26001,"Alcona","Michigan"
26003,"Alger","Michigan"
26005,"Allegan","Michigan"
26007,"Alpena","Michigan"
26009,"Antrim","Michigan"
26011,"Arenac","Michigan"
26013,"Baraga","Michigan"
26015,"Barry","Michigan"
26017,"Bay","Michigan"
26019,"Benzie","Michigan"
26021,"Berrien","Michigan"
26023,"Branch","Michigan"
26025,"Calhoun","Michigan"
26027,"Cass","Michigan"
26029,"Charlevoix","Michigan"
26031,"Cheboygan","Michigan"
26033,"Chippewa","Michigan"
26035,"Clare","Michigan"
26037,"Clinton","Michigan"
26039,"Crawford","Michigan"
26041,"Delta","Michigan"
26043,"Dickinson","Michigan"
26045,"Eaton","Michigan"
26047,"Emmet","Michigan"
26049,"Genesee","Michigan"
26051,"Gladwin","Michigan"
26053,"Gogebic","Michigan"
26055,"Grand Traverse","Michigan"
26057,"Gratiot","Michigan"
26059,"Hillsdale","Michigan"
26061,"Houghton","Michigan"
26063,"Huron","Michigan"
26065,"Ingham","Michigan"
26067,"Ionia","Michigan"
26069,"Iosco","Michigan"
26071,"Iron","Michigan"
26073,"Isabella","Michigan"
26075,"Jackson","Michigan"
26077,"Kalamazoo","Michigan"
26079,"Kalkaska","Michigan"
26081,"Kent","Michigan"
26085,"Lake","Michigan"
26087,"Lapeer","Michigan"
26089,"Leelanau","Michigan"
26091,"Lenawee","Michigan"
26093,"Livingston","Michigan"
26095,"Luce","Michigan"
26097,"Mackinac","Michigan"
26099,"Macomb","Michigan"
26101,"Manistee","Michigan"
26103,"Marquette","Michigan"
26105,"Mason","Michigan"
26107,"Mecosta","Michigan"
26109,"Menominee","Michigan"
26111,"Midland","Michigan"
26113,"Missaukee","Michigan"
26115,"Monroe","Michigan"
26117,"Montcalm","Michigan"
26119,"Montmorency","Michigan"
26121,"Muskegon","Michigan"
26123,"Newaygo","Michigan"
26125,"Oakland","Michigan"
26127,"Oceana","Michigan"
26129,"Ogemaw","Michigan"
26131,"Ontonagon","Michigan"
26133,"Osceola","Michigan"
26135,"Oscoda","Michigan"
26137,"Otsego","Michigan"
26139,"Ottawa","Michigan"
26141,"Presque Isle","Michigan"
26143,"Roscommon","Michigan"
26145,"Saginaw","Michigan"
26147,"St. Clair","Michigan"
26149,"St. Joseph","Michigan"
26151,"Sanilac","Michigan"
26153,"Schoolcraft","Michigan"
26155,"Shiawassee","Michigan"
26157,"Tuscola","Michigan"
26159,"Van Buren","Michigan"
26161,"Washtenaw","Michigan"
26163,"Wayne","Michigan"
26165,"Wexford","Michigan"
27001,"Aitkin","Minnesota"
27003,"Anoka","Minnesota"
27005,"Becker","Minnesota"
27007,"Beltrami","Minnesota"
27009,"Benton","Minnesota"
27011,"Big Stone","Minnesota"
27013,"Blue Earth","Minnesota"
27015,"Brown","Minnesota"
27017,"Carlton","Minnesota"
27019,"Carver","Minnesota"
27021,"Cass","Minnesota"
27023,"Chippewa","Minnesota"
27025,"Chisago","Minnesota"
27027,"Clay","Minnesota"
27029,"Clearwater","Minnesota"
27031,"Cook","Minnesota"
27033,"Cottonwood","Minnesota"
27035,"Crow Wing","Minnesota"
27037,"Dakota","Minnesota"
27039,"Dodge","Minnesota"
27041,"Douglas","Minnesota"
27043,"Faribault","Minnesota"
27045,"Fillmore","Minnesota"
27047,"Freeborn","Minnesota"
27049,"Goodhue","Minnesota"
27051,"Grant","Minnesota"
27053,"Hennepin","Minnesota"
27055,"Houston","Minnesota"
27057,"Hubbard","Minnesota"
27059,"Isanti","Minnesota"
27061,"Itasca","Minnesota"
27063,"Jackson","Minnesota"
27065,"Kanabec","Minnesota"
27067,"Kandiyohi","Minnesota"
27069,"Kittson","Minnesota"
27071,"Koochiching","Minnesota"
27073,"Lac qui Parle","Minnesota"
27075,"Lake","Minnesota"
27077,"Lake of the Woods","Minnesota"
27079,"Le Sueur","Minnesota"
27081,"Lincoln","Minnesota"
27083,"Lyon","Minnesota"
27085,"McLeod","Minnesota"
27087,"Mahnomen","Minnesota"
27089,"Marshall","Minnesota"
27091,"Martin","Minnesota"
27093,"Meeker","Minnesota"
27095,"Mille Lacs","Minnesota"
27097,"Morrison","Minnesota"
27099,"Mower","Minnesota"
27101,"Murray","Minnesota"
27103,"Nicollet","Minnesota"
27105,"Nobles","Minnesota"
27107,"Norman","Minnesota"
27109,"Olmsted","Minnesota"
27111,"Otter Tail","Minnesota"
27113,"Pennington","Minnesota"
27115,"Pine","Minnesota"
27117,"Pipestone","Minnesota"
27119,"Polk","Minnesota"
27121,"Pope","Minnesota"
27123,"Ramsey","Minnesota"
27125,"Red Lake","Minnesota"
27127,"Redwood","Minnesota"
27129,"Renville","Minnesota"
27131,"Rice","Minnesota"
27133,"Rock","Minnesota"
27135,"Roseau","Minnesota"
27137,"St. Louis","Minnesota"
27139,"Scott","Minnesota"
27141,"Sherburne","Minnesota"
27143,"Sibley","Minnesota"
27145,"Stearns","Minnesota"
27147,"Steele","Minnesota"
27149,"Stevens","Minnesota"
27151,"Swift","Minnesota"
27153,"Todd","Minnesota"
27155,"Traverse","Minnesota"
27157,"Wabasha","Minnesota"
27159,"Wadena","Minnesota"
27161,"Waseca","Minnesota"
27163,"Washington","Minnesota"
27165,"Watonwan","Minnesota"
27167,"Wilkin","Minnesota"
27169,"Winona","Minnesota"
27171,"Wright","Minnesota"
27173,"Yellow Medicine","Minnesota"
28001,"Adams","Mississippi"
28003,"Alcorn","Mississippi"
28005,"Amite","Mississippi"
28007,"Attala","Mississippi"
28009,"Benton","Mississippi"
28011,"Bolivar","Mississippi"
28013,"Calhoun","Mississippi"
28015,"Carroll","Mississippi"
28017,"Chickasaw","Mississippi"
28019,"Choctaw","Mississippi"
28021,"Claiborne","Mississippi"
28023,"Clarke","Mississippi"
28025,"Clay","Mississippi"
28027,"Coahoma","Mississippi"
28029,"Copiah","Mississippi"
28031,"Covington","Mississippi"
28033,"DeSoto","Mississippi"
28035,"Forrest","Mississippi"
28037,"Franklin","Mississippi"
28039,"George","Mississippi"
28041,"Greene","Mississippi"
28043,"Grenada","Mississippi"
28045,"Hancock","Mississippi"
28047,"Harrison","Mississippi"
28049,"Hinds","Mississippi"
28051,"Holmes","Mississippi"
28053,"Humphreys","Mississippi"
28055,"Issaquena","Mississippi"
28057,"Itawamba","Mississippi"
28059,"Jackson","Mississippi"
28061,"Jasper","Mississippi"
28063,"Jefferson","Mississippi"
28065,"Jefferson Davis","Mississippi"
28067,"Jones","Mississippi"
28069,"Kemper","Mississippi"
28071,"Lafayette","Mississippi"
28073,"Lamar","Mississippi"
28075,"Lauderdale","Mississippi"
28077,"Lawrence","Mississippi"
28079,"Leake","Mississippi"
28081,"Lee","Mississippi"
28083,"Leflore","Mississippi"
28085,"Lincoln","Mississippi"
28087,"Lowndes","Mississippi"
28089,"Madison","Mississippi"
28091,"Marion","Mississippi"
28093,"Marshall","Mississippi"
28095,"Monroe","Mississippi"
28097,"Montgomery","Mississippi"
28099,"Neshoba","Mississippi"
28101,"Newton","Mississippi"
28103,"Noxubee","Mississippi"
28105,"Oktibbeha","Mississippi"
28107,"Panola","Mississippi"
28109,"Pearl River","Mississippi"
28111,"Perry","Mississippi"
28113,"Pike","Mississippi"
28115,"Pontotoc","Mississippi"
28117,"Prentiss","Mississippi"
28119,"Quitman","Mississippi"
28121,"Rankin","Mississippi"
28123,"Scott","Mississippi"
28125,"Sharkey","Mississippi"
28127,"Simpson","Mississippi"
28129,"Smith","Mississippi"
28131,"Stone","Mississippi"
28133,"Sunflower","Mississippi"
28135,"Tallahatchie","Mississippi"
28137,"Tate","Mississippi"
28139,"Tippah","Mississippi"
28141,"Tishomingo","Mississippi"
28143,"Tunica","Mississippi"
28145,"Union","Mississippi"
28147,"Walthall","Mississippi"
28149,"Warren","Mississippi"
28151,"Washington","Mississippi"
28153,"Wayne","Mississippi"
28155,"Webster","Mississippi"
28157,"Wilkinson","Mississippi"
28159,"Winston","Mississippi"
28161,"Yalobusha","Mississippi"
28163,"Yazoo","Mississippi"
29001,"Adair","Missouri"
29003,"Andrew","Missouri"
29005,"Atchison","Missouri"
29007,"Audrain","Missouri"
29009,"Barry","Missouri"
29011,"Barton","Missouri"
29013,"Bates","Missouri"
29015,"Benton","Missouri"
29017,"Bollinger","Missouri"
29019,"Boone","Missouri"
29021,"Buchanan","Missouri"
29023,"Butler","Missouri"
29025,"Caldwell","Missouri"
29027,"Callaway","Missouri"
29029,"Camden","Missouri"
29031,"Cape Girardeau","Missouri"
29033,"Carroll","Missouri"
29035,"Carter","Missouri"
29037,"Cass","Missouri"
29039,"Cedar","Missouri"
29041,"Chariton","Missouri"
29043,"Christian","Missouri"
29045,"Clark","Missouri"
29047,"Clay","Missouri"
29049,"Clinton","Missouri"
29051,"Cole","Missouri"
29053,"Cooper","Missouri"
29055,"Crawford","Missouri"
29057,"Dade","Missouri"
29059,"Dallas","Missouri"
29061,"Daviess","Missouri"
29063,"DeKalb","Missouri"
29065,"Dent","Missouri"
29067,"Douglas","Missouri"
29069,"Dunklin","Missouri"
29071,"Franklin","Missouri"
29073,"Gasconade","Missouri"
29075,"Gentry","Missouri"
29077,"Greene","Missouri"
29079,"Grundy","Missouri"
29081,"Harrison","Missouri"
29083,"Henry","Missouri"
29085,"Hickory","Missouri"
29087,"Holt","Missouri"
29089,"Howard","Missouri"
29091,"Howell","Missouri"
29093,"Iron","Missouri"
29095,"Jackson","Missouri"
29097,"Jasper","Missouri"
29099,"Jefferson","Missouri"
29101,"Johnson","Missouri"
29103,"Knox","Missouri"
29105,"Laclede","Missouri"
29107,"Lafayette","Missouri"
29109,"Lawrence","Missouri"
29111,"Lewis","Missouri"
29113,"Lincoln","Missouri"
29115,"Linn","Missouri"
29117,"Livingston","Missouri"
29119,"McDonald","Missouri"
29121,"Macon","Missouri"
29123,"Madison","Missouri"
29125,"Maries","Missouri"
29127,"Marion","Missouri"
29129,"Mercer","Missouri"
29131,"Miller","Missouri"
29133,"Mississippi","Missouri"
29135,"Moniteau","Missouri"
29137,"Monroe","Missouri"
29139,"Montgomery","Missouri"
29141,"Morgan","Missouri"
29143,"New Madrid","Missouri"
29145,"Newton","Missouri"
29147,"Nodaway","Missouri"
29149,"Oregon","Missouri"
29151,"Osage","Missouri"
29153,"Ozark","Missouri"
29155,"Pemiscot","Missouri"
29157,"Perry","Missouri"
29159,"Pettis","Missouri"
29161,"Phelps","Missouri"
29163,"Pike","Missouri"
29165,"Platte","Missouri"
29167,"Polk","Missouri"
29169,"Pulaski","Missouri"
29171,"Putnam","Missouri"
29173,"Ralls","Missouri"
29175,"Randolph","Missouri"
29177,"Ray","Missouri"
29179,"Reynolds","Missouri"
29181,"Ripley","Missouri"
29183,"St. Charles","Missouri"
29185,"St. Clair","Missouri"
29187,"St. Francois","Missouri"
29189,"St. Louis","Missouri"
29195,"Saline","Missouri"
29197,"Schuyler","Missouri"
29199,"Scotland","Missouri"
29201,"Scott","Missouri"
29203,"Shannon","Missouri"
29205,"Shelby","Missouri"
29207,"Stoddard","Missouri"
29209,"Stone","Missouri"
29211,"Sullivan","Missouri"
29213,"Taney","Missouri"
29215,"Texas","Missouri"
29217,"Vernon","Missouri"
29219,"Warren","Missouri"
29221,"Washington","Missouri"
29223,"Wayne","Missouri"
29225,"Webster","Missouri"
29227,"Worth","Missouri"
29229,"Wright","Missouri"
30001,"Beaverhead","Montana"
30003,"Big Horn","Montana"
30005,"Blaine","Montana"
30007,"Broadwater","Montana"
30009,"Carbon","Montana"
30011,"Carter","Montana"
30013,"Cascade","Montana"
30015,"Chouteau","Montana"
30017,"Custer","Montana"
30019,"Daniels","Montana"
30021,"Dawson","Montana"
30023,"Deer Lodge","Montana"
30025,"Fallon","Montana"
30027,"Fergus","Montana"
30029,"Flathead","Montana"
30031,"Gallatin","Montana"
30033,"Garfield","Montana"
30035,"Glacier","Montana"
30037,"Golden Valley","Montana"
30039,"Granite","Montana"
30041,"Hill","Montana"
30043,"Jefferson","Montana"
30045,"Judith Basin","Montana"
30047,"Lake","Montana"
30049,"Lewis and Clark","Montana"
30051,"Liberty","Montana"
30055,"McCone","Montana"
30057,"Madison","Montana"
30059,"Meagher","Montana"
30061,"Mineral","Montana"
30063,"Missoula","Montana"
30065,"Musselshell","Montana"
30067,"Park","Montana"
30069,"Petroleum","Montana"
30071,"Phillips","Montana"
30073,"Pondera","Montana"
30075,"Powder River","Montana"
30077,"Powell","Montana"
30079,"Prairie","Montana"
30081,"Ravalli","Montana"
30083,"Richland","Montana"
30085,"Roosevelt","Montana"
30087,"Rosebud","Montana"
30089,"Sanders","Montana"
30091,"Sheridan","Montana"
30093,"Silver Bow","Montana"
30095,"Stillwater","Montana"
30097,"Sweet Grass","Montana"
30099,"Teton","Montana"
30101,"Toole","Montana"
30103,"Treasure","Montana"
30105,"Valley","Montana"
30107,"Wheatland","Montana"
30109,"Wibaux","Montana"
30111,"Yellowstone","Montana"
31001,"Adams","Nebraska"
31003,"Antelope","Nebraska"
31005,"Arthur","Nebraska"
31007,"Banner","Nebraska"
31009,"Blaine","Nebraska"
31011,"Boone","Nebraska"
31013,"Box Butte","Nebraska"
31015,"Boyd","Nebraska"
31017,"Brown","Nebraska"
31019,"Buffalo","Nebraska"
31021,"Burt","Nebraska"
31023,"Butler","Nebraska"
31025,"Cass","Nebraska"
31027,"Cedar","Nebraska"
31029,"Chase","Nebraska"
31031,"Cherry","Nebraska"
31033,"Cheyenne","Nebraska"
31035,"Clay","Nebraska"
31037,"Colfax","Nebraska"
31039,"Cuming","Nebraska"
31041,"Custer","Nebraska"
31043,"Dakota","Nebraska"
31045,"Dawes","Nebraska"
31047,"Dawson","Nebraska"
31049,"Deuel","Nebraska"
31051,"Dixon","Nebraska"
31053,"Dodge","Nebraska"
31055,"Douglas","Nebraska"
31057,"Dundy","Nebraska"
31059,"Fillmore","Nebraska"
31061,"Franklin","Nebraska"
31063,"Frontier","Nebraska"
31065,"Furnas","Nebraska"
31067,"Gage","Nebraska"
31069,"Garden","Nebraska"
31071,"Garfield","Nebraska"
31073,"Gosper","Nebraska"
31077,"Greeley","Nebraska"
31079,"Hall","Nebraska"
31081,"Hamilton","Nebraska"
31083,"Harlan","Nebraska"
31085,"Hayes","Nebraska"
31087,"Hitchcock","Nebraska"
31089,"Holt","Nebraska"
31091,"Hooker","Nebraska"
31093,"Howard","Nebraska"
31095,"Jefferson","Nebraska"
31097,"Johnson","Nebraska"
31099,"Kearney","Nebraska"
31101,"Keith","Nebraska"
31103,"Keya Paha","Nebraska"
31105,"Kimball","Nebraska"
31107,"Knox","Nebraska"
31109,"Lancaster","Nebraska"
31111,"Lincoln","Nebraska"
31113,"Logan","Nebraska"
31115,"Loup","Nebraska"
31117,"McPherson","Nebraska"
31119,"Madison","Nebraska"
31121,"Merrick","Nebraska"
31123,"Morrill","Nebraska"
31125,"Nance","Nebraska"
31127,"Nemaha","Nebraska"
31129,"Nuckolls","Nebraska"
31131,"Otoe","Nebraska"
31133,"Pawnee","Nebraska"
31135,"Perkins","Nebraska"
31137,"Phelps","Nebraska"
31139,"Pierce","Nebraska"
31141,"Platte","Nebraska"
31143,"Polk","Nebraska"
31145,"Red Willow","Nebraska"
31147,"Richardson","Nebraska"
31149,"Rock","Nebraska"
31151,"Saline","Nebraska"
31153,"Sarpy","Nebraska"
31155,"Saunders","Nebraska"
31157,"Scotts Bluff","Nebraska"
31159,"Seward","Nebraska"
31161,"Sheridan","Nebraska"
31163,"Sherman","Nebraska"
31165,"Sioux","Nebraska"
31167,"Stanton","Nebraska"
31169,"Thayer","Nebraska"
31171,"Thomas","Nebraska"
31173,"Thurston","Nebraska"
31175,"Valley","Nebraska"
31177,"Washington","Nebraska"
31179,"Wayne","Nebraska"
31181,"Webster","Nebraska"
31183,"Wheeler","Nebraska"
31185,"York","Nebraska"
32001,"Churchill","Nevada"
32003,"Clark","Nevada"
32005,"Douglas","Nevada"
32007,"Elko","Nevada"
32011,"Eureka","Nevada"
32013,"Humboldt","Nevada"
32015,"Lander","Nevada"
32017,"Lincoln","Nevada"
32019,"Lyon","Nevada"
32023,"Nye","Nevada"
32027,"Pershing","Nevada"
32031,"Washoe","Nevada"
32033,"White Pine","Nevada"
33001,"Belknap","New Hampshire"
33003,"Carroll","New Hampshire"
33005,"Cheshire","New Hampshire"
33007,"Coos","New Hampshire"
33009,"Grafton","New Hampshire"
33011,"Hillsborough","New Hampshire"
33013,"Merrimack","New Hampshire"
33015,"Rockingham","New Hampshire"
33017,"Strafford","New Hampshire"
33019,"Sullivan","New Hampshire"
34001,"Atlantic","New Jersey"
34005,"Burlington","New Jersey"
34007,"Camden","New Jersey"
34009,"Cape May","New Jersey"
34011,"Cumberland","New Jersey"
34015,"Gloucester","New Jersey"
34019,"Hunterdon","New Jersey"
34021,"Mercer","New Jersey"
34023,"Middlesex","New Jersey"
34025,"Monmouth","New Jersey"
34027,"Morris","New Jersey"
34029,"Ocean","New Jersey"
34033,"Salem","New Jersey"
34035,"Somerset","New Jersey"
34037,"Sussex","New Jersey"
34041,"Warren","New Jersey"
35005,"Chaves","New Mexico"
35006,"Cibola","New Mexico"
35007,"Colfax","New Mexico"
35009,"Curry","New Mexico"
35011,"DeBaca","New Mexico"
35013,"Dona Ana","New Mexico"
35015,"Eddy","New Mexico"
35019,"Guadalupe","New Mexico"
35021,"Harding","New Mexico"
35023,"Hidalgo","New Mexico"
35025,"Lea","New Mexico"
35029,"Luna","New Mexico"
35033,"Mora","New Mexico"
35035,"Otero","New Mexico"
35037,"Quay","New Mexico"
35039,"Rio Arriba","New Mexico"
35041,"Roosevelt","New Mexico"
35045,"San Juan","New Mexico"
35047,"San Miguel","New Mexico"
35049,"Santa Fe","New Mexico"
35051,"Sierra","New Mexico"
35053,"Socorro","New Mexico"
35055,"Taos","New Mexico"
35057,"Torrance","New Mexico"
35059,"Union","New Mexico"
35061,"Valencia","New Mexico"
36001,"Albany","New York"
36003,"Allegany","New York"
36007,"Broome","New York"
36009,"Cattaraugus","New York"
36011,"Cayuga","New York"
36013,"Chautauqua","New York"
36015,"Chemung","New York"
36017,"Chenango","New York"
36019,"Clinton","New York"
36021,"Columbia","New York"
36023,"Cortland","New York"
36025,"Delaware","New York"
36027,"Dutchess","New York"
36029,"Erie","New York"
36031,"Essex","New York"
36033,"Franklin","New York"
36035,"Fulton","New York"
36037,"Genesee","New York"
36039,"Greene","New York"
36043,"Herkimer","New York"
36045,"Jefferson","New York"
36049,"Lewis","New York"
36051,"Livingston","New York"
36053,"Madison","New York"
36055,"Monroe","New York"
36057,"Montgomery","New York"
36063,"Niagara","New York"
36065,"Oneida","New York"
36067,"Onondaga","New York"
36069,"Ontario","New York"
36071,"Orange","New York"
36073,"Orleans","New York"
36075,"Oswego","New York"
36077,"Otsego","New York"
36079,"Putnam","New York"
36083,"Rensselaer","New York"
36089,"St. Lawrence","New York"
36091,"Saratoga","New York"
36093,"Schenectady","New York"
36095,"Schoharie","New York"
36097,"Schuyler","New York"
36099,"Seneca","New York"
36101,"Steuben","New York"
36103,"Suffolk","New York"
36105,"Sullivan","New York"
36107,"Tioga","New York"
36109,"Tompkins","New York"
36111,"Ulster","New York"
36113,"Warren","New York"
36115,"Washington","New York"
36117,"Wayne","New York"
36119,"Westchester","New York"
36121,"Wyoming","New York"
36123,"Yates","New York"
37001,"Alamance","North Carolina"
37003,"Alexander","North Carolina"
37005,"Alleghany","North Carolina"
37007,"Anson","North Carolina"
37009,"Ashe","North Carolina"
37011,"Avery","North Carolina"
37013,"Beaufort","North Carolina"
37015,"Bertie","North Carolina"
37017,"Bladen","North Carolina"
37019,"Brunswick","North Carolina"
37021,"Buncombe","North Carolina"
37023,"Burke","North Carolina"
37025,"Cabarrus","North Carolina"
37027,"Caldwell","North Carolina"
37029,"Camden","North Carolina"
37031,"Carteret","North Carolina"
37033,"Caswell","North Carolina"
37035,"Catawba","North Carolina"
37037,"Chatham","North Carolina"
37039,"Cherokee","North Carolina"
37041,"Chowan","North Carolina"
37043,"Clay","North Carolina"
37045,"Cleveland","North Carolina"
37047,"Columbus","North Carolina"
37049,"Craven","North Carolina"
37051,"Cumberland","North Carolina"
37053,"Currituck","North Carolina"
37055,"Dare","North Carolina"
37057,"Davidson","North Carolina"
37059,"Davie","North Carolina"
37061,"Duplin","North Carolina"
37063,"Durham","North Carolina"
37065,"Edgecombe","North Carolina"
37067,"Forsyth","North Carolina"
37069,"Franklin","North Carolina"
37071,"Gaston","North Carolina"
37073,"Gates","North Carolina"
37075,"Graham","North Carolina"
37077,"Granville","North Carolina"
37079,"Greene","North Carolina"
37081,"Guilford","North Carolina"
37083,"Halifax","North Carolina"
37085,"Harnett","North Carolina"
37087,"Haywood","North Carolina"
37089,"Henderson","North Carolina"
37091,"Hertford","North Carolina"
37093,"Hoke","North Carolina"
37095,"Hyde","North Carolina"
37097,"Iredell","North Carolina"
37099,"Jackson","North Carolina"
37101,"Johnston","North Carolina"
37103,"Jones","North Carolina"
37105,"Lee","North Carolina"
37107,"Lenoir","North Carolina"
37109,"Lincoln","North Carolina"
37111,"McDowell","North Carolina"
37113,"Macon","North Carolina"
37115,"Madison","North Carolina"
37117,"Martin","North Carolina"
37119,"Mecklenburg","North Carolina"
37121,"Mitchell","North Carolina"
37123,"Montgomery","North Carolina"
37125,"Moore","North Carolina"
37127,"Nash","North Carolina"
37129,"New Hanover","North Carolina"
37131,"Northampton","North Carolina"
37133,"Onslow","North Carolina"
37135,"Orange","North Carolina"
37137,"Pamlico","North Carolina"
37139,"Pasquotank","North Carolina"
37141,"Pender","North Carolina"
37143,"Perquimans","North Carolina"
37145,"Person","North Carolina"
37147,"Pitt","North Carolina"
37149,"Polk","North Carolina"
37151,"Randolph","North Carolina"
37153,"Richmond","North Carolina"
37155,"Robeson","North Carolina"
37157,"Rockingham","North Carolina"
37159,"Rowan","North Carolina"
37161,"Rutherford","North Carolina"
37163,"Sampson","North Carolina"
37165,"Scotland","North Carolina"
37167,"Stanly","North Carolina"
37169,"Stokes","North Carolina"
37171,"Surry","North Carolina"
37173,"Swain","North Carolina"
37175,"Transylvania","North Carolina"
37177,"Tyrrell","North Carolina"
37179,"Union","North Carolina"
37181,"Vance","North Carolina"
37183,"Wake","North Carolina"
37185,"Warren","North Carolina"
37187,"Washington","North Carolina"
37189,"Watauga","North Carolina"
37191,"Wayne","North Carolina"
37193,"Wilkes","North Carolina"
37195,"Wilson","North Carolina"
37197,"Yadkin","North Carolina"
37199,"Yancey","North Carolina"
38001,"Adams","North Dakota"
38003,"Barnes","North Dakota"
38005,"Benson","North Dakota"
38007,"Billings","North Dakota"
38009,"Bottineau","North Dakota"
38011,"Bowman","North Dakota"
38013,"Burke","North Dakota"
38015,"Burleigh","North Dakota"
38017,"Cass","North Dakota"
38019,"Cavalier","North Dakota"
38021,"Dickey","North Dakota"
38023,"Divide","North Dakota"
38025,"Dunn","North Dakota"
38027,"Eddy","North Dakota"
38029,"Emmons","North Dakota"
38031,"Foster","North Dakota"
38033,"Golden Valley","North Dakota"
38035,"Grand Forks","North Dakota"
38037,"Grant","North Dakota"
38039,"Griggs","North Dakota"
38041,"Hettinger","North Dakota"
38043,"Kidder","North Dakota"
38045,"LaMoure","North Dakota"
38047,"Logan","North Dakota"
38049,"McHenry","North Dakota"
38051,"McIntosh","North Dakota"
38053,"McKenzie","North Dakota"
38055,"McLean","North Dakota"
38057,"Mercer","North Dakota"
38059,"Morton","North Dakota"
38061,"Mountrail","North Dakota"
38063,"Nelson","North Dakota"
38065,"Oliver","North Dakota"
38067,"Pembina","North Dakota"
38069,"Pierce","North Dakota"
38071,"Ramsey","North Dakota"
38073,"Ransom","North Dakota"
38075,"Renville","North Dakota"
38077,"Richland","North Dakota"
38079,"Rolette","North Dakota"
38081,"Sargent","North Dakota"
38083,"Sheridan","North Dakota"
38085,"Sioux","North Dakota"
38087,"Slope","North Dakota"
38089,"Stark","North Dakota"
38091,"Steele","North Dakota"
38093,"Stutsman","North Dakota"
38095,"Towner","North Dakota"
38097,"Traill","North Dakota"
38099,"Walsh","North Dakota"
38101,"Ward","North Dakota"
38103,"Wells","North Dakota"
38105,"Williams","North Dakota"
39001,"Adams","Ohio"
39003,"Allen","Ohio"
39005,"Ashland","Ohio"
39007,"Ashtabula","Ohio"
39009,"Athens","Ohio"
39011,"Auglaize","Ohio"
39013,"Belmont","Ohio"
39015,"Brown","Ohio"
39017,"Butler","Ohio"
39019,"Carroll","Ohio"
39021,"Champaign","Ohio"
39023,"Clark","Ohio"
39025,"Clermont","Ohio"
39027,"Clinton","Ohio"
39029,"Columbiana","Ohio"
39031,"Coshocton","Ohio"
39033,"Crawford","Ohio"
39035,"Cuyahoga","Ohio"
39037,"Darke","Ohio"
39039,"Defiance","Ohio"
39041,"Delaware","Ohio"
39043,"Erie","Ohio"
39045,"Fairfield","Ohio"
39047,"Fayette","Ohio"
39049,"Franklin","Ohio"
39051,"Fulton","Ohio"
39053,"Gallia","Ohio"
39055,"Geauga","Ohio"
39057,"Greene","Ohio"
39059,"Guernsey","Ohio"
39061,"Hamilton","Ohio"
39063,"Hancock","Ohio"
39065,"Hardin","Ohio"
39067,"Harrison","Ohio"
39069,"Henry","Ohio"
39071,"Highland","Ohio"
39073,"Hocking","Ohio"
39075,"Holmes","Ohio"
39077,"Huron","Ohio"
39079,"Jackson","Ohio"
39081,"Jefferson","Ohio"
39083,"Knox","Ohio"
39085,"Lake","Ohio"
39087,"Lawrence","Ohio"
39089,"Licking","Ohio"
39091,"Logan","Ohio"
39093,"Lorain","Ohio"
39095,"Lucas","Ohio"
39097,"Madison","Ohio"
39099,"Mahoning","Ohio"
39101,"Marion","Ohio"
39103,"Medina","Ohio"
39105,"Meigs","Ohio"
39107,"Mercer","Ohio"
39109,"Miami","Ohio"
39111,"Monroe","Ohio"
39113,"Montgomery","Ohio"
39115,"Morgan","Ohio"
39117,"Morrow","Ohio"
39119,"Muskingum","Ohio"
39121,"Noble","Ohio"
39123,"Ottawa","Ohio"
39125,"Paulding","Ohio"
39127,"Perry","Ohio"
39129,"Pickaway","Ohio"
39131,"Pike","Ohio"
39133,"Portage","Ohio"
39135,"Preble","Ohio"
39137,"Putnam","Ohio"
39139,"Richland","Ohio"
39141,"Ross","Ohio"
39143,"Sandusky","Ohio"
39145,"Scioto","Ohio"
39147,"Seneca","Ohio"
39149,"Shelby","Ohio"
39151,"Stark","Ohio"
39153,"Summit","Ohio"
39155,"Trumbull","Ohio"
39157,"Tuscarawas","Ohio"
39159,"Union","Ohio"
39161,"Van Wert","Ohio"
39163,"Vinton","Ohio"
39165,"Warren","Ohio"
39167,"Washington","Ohio"
39169,"Wayne","Ohio"
39171,"Williams","Ohio"
39173,"Wood","Ohio"
39175,"Wyandot","Ohio"
40001,"Adair","Oklahoma"
40003,"Alfalfa","Oklahoma"
40005,"Atoka","Oklahoma"
40007,"Beaver","Oklahoma"
40009,"Beckham","Oklahoma"
40011,"Blaine","Oklahoma"
40013,"Bryan","Oklahoma"
40015,"Caddo","Oklahoma"
40017,"Canadian","Oklahoma"
40019,"Carter","Oklahoma"
40021,"Cherokee","Oklahoma"
40023,"Choctaw","Oklahoma"
40025,"Cimarron","Oklahoma"
40027,"Cleveland","Oklahoma"
40029,"Coal","Oklahoma"
40031,"Comanche","Oklahoma"
40033,"Cotton","Oklahoma"
40035,"Craig","Oklahoma"
40037,"Creek","Oklahoma"
40039,"Custer","Oklahoma"
40041,"Delaware","Oklahoma"
40043,"Dewey","Oklahoma"
40045,"Ellis","Oklahoma"
40047,"Garfield","Oklahoma"
40049,"Garvin","Oklahoma"
40051,"Grady","Oklahoma"
40053,"Grant","Oklahoma"
40055,"Greer","Oklahoma"
40057,"Harmon","Oklahoma"
40059,"Harper","Oklahoma"
40061,"Haskell","Oklahoma"
40063,"Hughes","Oklahoma"
40065,"Jackson","Oklahoma"
40067,"Jefferson","Oklahoma"
40069,"Johnston","Oklahoma"
40071,"Kay","Oklahoma"
40073,"Kingfisher","Oklahoma"
40075,"Kiowa","Oklahoma"
40077,"Latimer","Oklahoma"
40079,"Le Flore","Oklahoma"
40081,"Lincoln","Oklahoma"
40083,"Logan","Oklahoma"
40085,"Love","Oklahoma"
40087,"McClain","Oklahoma"
40089,"McCurtain","Oklahoma"
40091,"McIntosh","Oklahoma"
40093,"Major","Oklahoma"
40095,"Marshall","Oklahoma"
40097,"Mayes","Oklahoma"
40099,"Murray","Oklahoma"
40101,"Muskogee","Oklahoma"
40103,"Noble","Oklahoma"
40105,"Nowata","Oklahoma"
40107,"Okfuskee","Oklahoma"
40109,"Oklahoma","Oklahoma"
40111,"Okmulgee","Oklahoma"
40113,"Osage","Oklahoma"
40115,"Ottawa","Oklahoma"
40117,"Pawnee","Oklahoma"
40119,"Payne","Oklahoma"
40121,"Pittsburg","Oklahoma"
40123,"Pontotoc","Oklahoma"
40125,"Pottawatomie","Oklahoma"
40127,"Pushmataha","Oklahoma"
40129,"Roger Mills","Oklahoma"
40131,"Rogers","Oklahoma"
40133,"Seminole","Oklahoma"
40135,"Sequoyah","Oklahoma"
40137,"Stephens","Oklahoma"
40139,"Texas","Oklahoma"
40141,"Tillman","Oklahoma"
40143,"Tulsa","Oklahoma"
40145,"Wagoner","Oklahoma"
40147,"Washington","Oklahoma"
40149,"Washita","Oklahoma"
40151,"Woods","Oklahoma"
40153,"Woodward","Oklahoma"
41001,"Baker","Oregon"
41003,"Benton","Oregon"
41005,"Clackamas","Oregon"
41009,"Columbia","Oregon"
41011,"Coos","Oregon"
41013,"Crook","Oregon"
41017,"Deschutes","Oregon"
41019,"Douglas","Oregon"
41021,"Gilliam","Oregon"
41023,"Grant","Oregon"
41025,"Harney","Oregon"
41027,"Hood River","Oregon"
41029,"Jackson","Oregon"
41031,"Jefferson","Oregon"
41033,"Josephine","Oregon"
41035,"Klamath","Oregon"
41037,"Lake","Oregon"
41039,"Lane","Oregon"
41043,"Linn","Oregon"
41045,"Malheur","Oregon"
41047,"Marion","Oregon"
41049,"Morrow","Oregon"
41051,"Multnomah","Oregon"
41053,"Polk","Oregon"
41055,"Sherman","Oregon"
41059,"Umatilla","Oregon"
41061,"Union","Oregon"
41063,"Wallowa","Oregon"
41065,"Wasco","Oregon"
41067,"Washington","Oregon"
41069,"Wheeler","Oregon"
41071,"Yamhill","Oregon"
42001,"Adams","Pennsylvania"
42003,"Allegheny","Pennsylvania"
42005,"Armstrong","Pennsylvania"
42007,"Beaver","Pennsylvania"
42009,"Bedford","Pennsylvania"
42011,"Berks","Pennsylvania"
42013,"Blair","Pennsylvania"
42015,"Bradford","Pennsylvania"
42017,"Bucks","Pennsylvania"
42019,"Butler","Pennsylvania"
42021,"Cambria","Pennsylvania"
42023,"Cameron","Pennsylvania"
42025,"Carbon","Pennsylvania"
42027,"Centre","Pennsylvania"
42029,"Chester","Pennsylvania"
42031,"Clarion","Pennsylvania"
42033,"Clearfield","Pennsylvania"
42035,"Clinton","Pennsylvania"
42037,"Columbia","Pennsylvania"
42039,"Crawford","Pennsylvania"
42041,"Cumberland","Pennsylvania"
42043,"Dauphin","Pennsylvania"
42045,"Delaware","Pennsylvania"
42047,"Elk","Pennsylvania"
42049,"Erie","Pennsylvania"
42051,"Fayette","Pennsylvania"
42053,"Forest","Pennsylvania"
42055,"Franklin","Pennsylvania"
42057,"Fulton","Pennsylvania"
42059,"Greene","Pennsylvania"
42061,"Huntingdon","Pennsylvania"
42063,"Indiana","Pennsylvania"
42065,"Jefferson","Pennsylvania"
42067,"Juniata","Pennsylvania"
42069,"Lackawanna","Pennsylvania"
42071,"Lancaster","Pennsylvania"
42073,"Lawrence","Pennsylvania"
42075,"Lebanon","Pennsylvania"
42077,"Lehigh","Pennsylvania"
42079,"Luzerne","Pennsylvania"
42081,"Lycoming","Pennsylvania"
42083,"McKean","Pennsylvania"
42085,"Mercer","Pennsylvania"
42087,"Mifflin","Pennsylvania"
42089,"Monroe","Pennsylvania"
42091,"Montgomery","Pennsylvania"
42093,"Montour","Pennsylvania"
42095,"Northampton","Pennsylvania"
42097,"Northumberland","Pennsylvania"
42099,"Perry","Pennsylvania"
42103,"Pike","Pennsylvania"
42105,"Potter","Pennsylvania"
42107,"Schuylkill","Pennsylvania"
42109,"Snyder","Pennsylvania"
42111,"Somerset","Pennsylvania"
42113,"Sullivan","Pennsylvania"
42115,"Susquehanna","Pennsylvania"
42117,"Tioga","Pennsylvania"
42119,"Union","Pennsylvania"
42121,"Venango","Pennsylvania"
42123,"Warren","Pennsylvania"
42125,"Washington","Pennsylvania"
42127,"Wayne","Pennsylvania"
42129,"Westmoreland","Pennsylvania"
42131,"Wyoming","Pennsylvania"
42133,"York","Pennsylvania"
44001,"Bristol","Rhode Island"
44003,"Kent","Rhode Island"
44005,"Newport","Rhode Island"
44007,"Providence","Rhode Island"
44009,"Washington","Rhode Island"
45001,"Abbeville","South Carolina"
45003,"Aiken","South Carolina"
45005,"Allendale","South Carolina"
45007,"Anderson","South Carolina"
45009,"Bamberg","South Carolina"
45011,"Barnwell","South Carolina"
45013,"Beaufort","South Carolina"
45015,"Berkeley","South Carolina"
45017,"Calhoun","South Carolina"
45019,"Charleston","South Carolina"
45021,"Cherokee","South Carolina"
45023,"Chester","South Carolina"
45025,"Chesterfield","South Carolina"
45027,"Clarendon","South Carolina"
45029,"Colleton","South Carolina"
45031,"Darlington","South Carolina"
45033,"Dillon","South Carolina"
45035,"Dorchester","South Carolina"
45037,"Edgefield","South Carolina"
45039,"Fairfield","South Carolina"
45041,"Florence","South Carolina"
45043,"Georgetown","South Carolina"
45045,"Greenville","South Carolina"
45047,"Greenwood","South Carolina"
45049,"Hampton","South Carolina"
45051,"Horry","South Carolina"
45053,"Jasper","South Carolina"
45055,"Kershaw","South Carolina"
45057,"Lancaster","South Carolina"
45059,"Laurens","South Carolina"
45061,"Lee","South Carolina"
45063,"Lexington","South Carolina"
45065,"McCormick","South Carolina"
45067,"Marion","South Carolina"
45069,"Marlboro","South Carolina"
45071,"Newberry","South Carolina"
45073,"Oconee","South Carolina"
45075,"Orangeburg","South Carolina"
45077,"Pickens","South Carolina"
45079,"Richland","South Carolina"
45081,"Saluda","South Carolina"
45083,"Spartanburg","South Carolina"
45085,"Sumter","South Carolina"
45087,"Union","South Carolina"
45089,"Williamsburg","South Carolina"
45091,"York","South Carolina"
46003,"Aurora","South Dakota"
46005,"Beadle","South Dakota"
46007,"Bennett","South Dakota"
46009,"Bon Homme","South Dakota"
46011,"Brookings","South Dakota"
46013,"Brown","South Dakota"
46015,"Brule","South Dakota"
46017,"Buffalo","South Dakota"
46019,"Butte","South Dakota"
46021,"Campbell","South Dakota"
46023,"Charles Mix","South Dakota"
46025,"Clark","South Dakota"
46027,"Clay","South Dakota"
46029,"Codington","South Dakota"
46031,"Corson","South Dakota"
46033,"Custer","South Dakota"
46035,"Davison","South Dakota"
46037,"Day","South Dakota"
46039,"Deuel","South Dakota"
46041,"Dewey","South Dakota"
46043,"Douglas","South Dakota"
46045,"Edmunds","South Dakota"
46047,"Fall River","South Dakota"
46049,"Faulk","South Dakota"
46051,"Grant","South Dakota"
46053,"Gregory","South Dakota"
46055,"Haakon","South Dakota"
46057,"Hamlin","South Dakota"
46059,"Hand","South Dakota"
46061,"Hanson","South Dakota"
46063,"Harding","South Dakota"
46065,"Hughes","South Dakota"
46067,"Hutchinson","South Dakota"
46069,"Hyde","South Dakota"
46071,"Jackson","South Dakota"
46073,"Jerauld","South Dakota"
46075,"Jones","South Dakota"
46077,"Kingsbury","South Dakota"
46079,"Lake","South Dakota"
46081,"Lawrence","South Dakota"
46083,"Lincoln","South Dakota"
46085,"Lyman","South Dakota"
46087,"McCook","South Dakota"
46089,"McPherson","South Dakota"
46091,"Marshall","South Dakota"
46093,"Meade","South Dakota"
46095,"Mellette","South Dakota"
46097,"Miner","South Dakota"
46099,"Minnehaha","South Dakota"
46101,"Moody","South Dakota"
46103,"Pennington","South Dakota"
46105,"Perkins","South Dakota"
46107,"Potter","South Dakota"
46109,"Roberts","South Dakota"
46111,"Sanborn","South Dakota"
46113,"Shannon","South Dakota"
46115,"Spink","South Dakota"
46117,"Stanley","South Dakota"
46119,"Sully","South Dakota"
46121,"Todd","South Dakota"
46123,"Tripp","South Dakota"
46125,"Turner","South Dakota"
46127,"Union","South Dakota"
46129,"Walworth","South Dakota"
46135,"Yankton","South Dakota"
46137,"Ziebach","South Dakota"
47001,"Anderson","Tennessee"
47003,"Bedford","Tennessee"
47005,"Benton","Tennessee"
47007,"Bledsoe","Tennessee"
47009,"Blount","Tennessee"
47011,"Bradley","Tennessee"
47013,"Campbell","Tennessee"
47015,"Cannon","Tennessee"
47017,"Carroll","Tennessee"
47019,"Carter","Tennessee"
47021,"Cheatham","Tennessee"
47023,"Chester","Tennessee"
47025,"Claiborne","Tennessee"
47027,"Clay","Tennessee"
47029,"Cocke","Tennessee"
47031,"Coffee","Tennessee"
47033,"Crockett","Tennessee"
47035,"Cumberland","Tennessee"
47037,"Davidson","Tennessee"
47039,"Decatur","Tennessee"
47041,"DeKalb","Tennessee"
47043,"Dickson","Tennessee"
47045,"Dyer","Tennessee"
47047,"Fayette","Tennessee"
47049,"Fentress","Tennessee"
47051,"Franklin","Tennessee"
47053,"Gibson","Tennessee"
47055,"Giles","Tennessee"
47057,"Grainger","Tennessee"
47059,"Greene","Tennessee"
47061,"Grundy","Tennessee"
47063,"Hamblen","Tennessee"
47065,"Hamilton","Tennessee"
47067,"Hancock","Tennessee"
47069,"Hardeman","Tennessee"
47071,"Hardin","Tennessee"
47073,"Hawkins","Tennessee"
47075,"Haywood","Tennessee"
47077,"Henderson","Tennessee"
47079,"Henry","Tennessee"
47081,"Hickman","Tennessee"
47083,"Houston","Tennessee"
47085,"Humphreys","Tennessee"
47087,"Jackson","Tennessee"
47089,"Jefferson","Tennessee"
47091,"Johnson","Tennessee"
47093,"Knox","Tennessee"
47095,"Lake","Tennessee"
47097,"Lauderdale","Tennessee"
47099,"Lawrence","Tennessee"
47101,"Lewis","Tennessee"
47103,"Lincoln","Tennessee"
47105,"Loudon","Tennessee"
47107,"McMinn","Tennessee"
47109,"McNairy","Tennessee"
47111,"Macon","Tennessee"
47113,"Madison","Tennessee"
47115,"Marion","Tennessee"
47117,"Marshall","Tennessee"
47119,"Maury","Tennessee"
47121,"Meigs","Tennessee"
47123,"Monroe","Tennessee"
47125,"Montgomery","Tennessee"
47127,"Moore","Tennessee"
47129,"Morgan","Tennessee"
47131,"Obion","Tennessee"
47133,"Overton","Tennessee"
47135,"Perry","Tennessee"
47137,"Pickett","Tennessee"
47139,"Polk","Tennessee"
47141,"Putnam","Tennessee"
47143,"Rhea","Tennessee"
47145,"Roane","Tennessee"
47147,"Robertson","Tennessee"
47149,"Rutherford","Tennessee"
47151,"Scott","Tennessee"
47153,"Sequatchie","Tennessee"
47155,"Sevier","Tennessee"
47157,"Shelby","Tennessee"
47159,"Smith","Tennessee"
47161,"Stewart","Tennessee"
47163,"Sullivan","Tennessee"
47165,"Sumner","Tennessee"
47167,"Tipton","Tennessee"
47169,"Trousdale","Tennessee"
47171,"Unicoi","Tennessee"
47173,"Union","Tennessee"
47175,"Van Buren","Tennessee"
47177,"Warren","Tennessee"
47179,"Washington","Tennessee"
47181,"Wayne","Tennessee"
47183,"Weakley","Tennessee"
47185,"White","Tennessee"
47187,"Williamson","Tennessee"
47189,"Wilson","Tennessee"
48001,"Anderson","Texas"
48003,"Andrews","Texas"
48005,"Angelina","Texas"
48007,"Aransas","Texas"
48009,"Archer","Texas"
48011,"Armstrong","Texas"
48013,"Atascosa","Texas"
48015,"Austin","Texas"
48017,"Bailey","Texas"
48019,"Bandera","Texas"
48021,"Bastrop","Texas"
48023,"Baylor","Texas"
48025,"Bee","Texas"
48027,"Bell","Texas"
48029,"Bexar","Texas"
48031,"Blanco","Texas"
48033,"Borden","Texas"
48035,"Bosque","Texas"
48037,"Bowie","Texas"
48039,"Brazoria","Texas"
48041,"Brazos","Texas"
48045,"Briscoe","Texas"
48047,"Brooks","Texas"
48049,"Brown","Texas"
48051,"Burleson","Texas"
48053,"Burnet","Texas"
48055,"Caldwell","Texas"
48057,"Calhoun","Texas"
48059,"Callahan","Texas"
48061,"Cameron","Texas"
48063,"Camp","Texas"
48065,"Carson","Texas"
48067,"Cass","Texas"
48069,"Castro","Texas"
48071,"Chambers","Texas"
48073,"Cherokee","Texas"
48075,"Childress","Texas"
48077,"Clay","Texas"
48079,"Cochran","Texas"
48081,"Coke","Texas"
48083,"Coleman","Texas"
48085,"Collin","Texas"
48087,"Collingsworth","Texas"
48089,"Colorado","Texas"
48091,"Comal","Texas"
48093,"Comanche","Texas"
48095,"Concho","Texas"
48097,"Cooke","Texas"
48099,"Coryell","Texas"
48101,"Cottle","Texas"
48105,"Crockett","Texas"
48107,"Crosby","Texas"
48109,"Culberson","Texas"
48111,"Dallam","Texas"
48113,"Dallas","Texas"
48115,"Dawson","Texas"
48117,"Deaf Smith","Texas"
48119,"Delta","Texas"
48121,"Denton","Texas"
48123,"DeWitt","Texas"
48125,"Dickens","Texas"
48127,"Dimmit","Texas"
48129,"Donley","Texas"
48131,"Duval","Texas"
48133,"Eastland","Texas"
48137,"Edwards","Texas"
48139,"Ellis","Texas"
48141,"El Paso","Texas"
48143,"Erath","Texas"
48145,"Falls","Texas"
48147,"Fannin","Texas"
48149,"Fayette","Texas"
48151,"Fisher","Texas"
48153,"Floyd","Texas"
48155,"Foard","Texas"
48157,"Fort Bend","Texas"
48159,"Franklin","Texas"
48161,"Freestone","Texas"
48163,"Frio","Texas"
48165,"Gaines","Texas"
48167,"Galveston","Texas"
48169,"Garza","Texas"
48171,"Gillespie","Texas"
48173,"Glasscock","Texas"
48175,"Goliad","Texas"
48177,"Gonzales","Texas"
48179,"Gray","Texas"
48181,"Grayson","Texas"
48185,"Grimes","Texas"
48187,"Guadalupe","Texas"
48189,"Hale","Texas"
48191,"Hall","Texas"
48193,"Hamilton","Texas"
48195,"Hansford","Texas"
48197,"Hardeman","Texas"
48199,"Hardin","Texas"
48201,"Harris","Texas"
48203,"Harrison","Texas"
48205,"Hartley","Texas"
48207,"Haskell","Texas"
48209,"Hays","Texas"
48211,"Hemphill","Texas"
48213,"Henderson","Texas"
48215,"Hidalgo","Texas"
48217,"Hill","Texas"
48219,"Hockley","Texas"
48221,"Hood","Texas"
48223,"Hopkins","Texas"
48225,"Houston","Texas"
48227,"Howard","Texas"
48229,"Hudspeth","Texas"
48231,"Hunt","Texas"
48233,"Hutchinson","Texas"
48235,"Irion","Texas"
48237,"Jack","Texas"
48239,"Jackson","Texas"
48243,"Jeff Davis","Texas"
48245,"Jefferson","Texas"
48247,"Jim Hogg","Texas"
48249,"Jim Wells","Texas"
48251,"Johnson","Texas"
48253,"Jones","Texas"
48255,"Karnes","Texas"
48257,"Kaufman","Texas"
48259,"Kendall","Texas"
48263,"Kent","Texas"
48265,"Kerr","Texas"
48267,"Kimble","Texas"
48269,"King","Texas"
48271,"Kinney","Texas"
48273,"Kleberg","Texas"
48275,"Knox","Texas"
48277,"Lamar","Texas"
48279,"Lamb","Texas"
48281,"Lampasas","Texas"
48283,"La Salle","Texas"
48285,"Lavaca","Texas"
48287,"Lee","Texas"
48289,"Leon","Texas"
48291,"Liberty","Texas"
48293,"Limestone","Texas"
48295,"Lipscomb","Texas"
48297,"Live Oak","Texas"
48299,"Llano","Texas"
48303,"Lubbock","Texas"
48305,"Lynn","Texas"
48307,"McCulloch","Texas"
48309,"McLennan","Texas"
48311,"McMullen","Texas"
48313,"Madison","Texas"
48317,"Martin","Texas"
48319,"Mason","Texas"
48321,"Matagorda","Texas"
48323,"Maverick","Texas"
48325,"Medina","Texas"
48327,"Menard","Texas"
48329,"Midland","Texas"
48331,"Milam","Texas"
48333,"Mills","Texas"
48335,"Mitchell","Texas"
48337,"Montague","Texas"
48341,"Moore","Texas"
48343,"Morris","Texas"
48345,"Motley","Texas"
48347,"Nacogdoches","Texas"
48349,"Navarro","Texas"
48353,"Nolan","Texas"
48355,"Nueces","Texas"
48357,"Ochiltree","Texas"
48359,"Oldham","Texas"
48361,"Orange","Texas"
48363,"Palo Pinto","Texas"
48365,"Panola","Texas"
48367,"Parker","Texas"
48369,"Parmer","Texas"
48371,"Pecos","Texas"
48373,"Polk","Texas"
48375,"Potter","Texas"
48377,"Presidio","Texas"
48379,"Rains","Texas"
48381,"Randall","Texas"
48383,"Reagan","Texas"
48385,"Real","Texas"
48387,"Red River","Texas"
48389,"Reeves","Texas"
48391,"Refugio","Texas"
48393,"Roberts","Texas"
48395,"Robertson","Texas"
48397,"Rockwall","Texas"
48399,"Runnels","Texas"
48401,"Rusk","Texas"
48403,"Sabine","Texas"
48405,"San Augustine","Texas"
48407,"San Jacinto","Texas"
48409,"San Patricio","Texas"
48411,"San Saba","Texas"
48413,"Schleicher","Texas"
48415,"Scurry","Texas"
48417,"Shackelford","Texas"
48419,"Shelby","Texas"
48421,"Sherman","Texas"
48423,"Smith","Texas"
48425,"Somervell","Texas"
48427,"Starr","Texas"
48429,"Stephens","Texas"
48431,"Sterling","Texas"
48433,"Stonewall","Texas"
48435,"Sutton","Texas"
48437,"Swisher","Texas"
48439,"Tarrant","Texas"
48441,"Taylor","Texas"
48445,"Terry","Texas"
48447,"Throckmorton","Texas"
48449,"Titus","Texas"
48451,"Tom Green","Texas"
48453,"Travis","Texas"
48461,"Upton","Texas"
48463,"Uvalde","Texas"
48465,"Val Verde","Texas"
48467,"Van Zandt","Texas"
48469,"Victoria","Texas"
48473,"Waller","Texas"
48475,"Ward","Texas"
48477,"Washington","Texas"
48479,"Webb","Texas"
48481,"Wharton","Texas"
48483,"Wheeler","Texas"
48485,"Wichita","Texas"
48487,"Wilbarger","Texas"
48489,"Willacy","Texas"
48491,"Williamson","Texas"
48493,"Wilson","Texas"
48497,"Wise","Texas"
48499,"Wood","Texas"
48501,"Yoakum","Texas"
48503,"Young","Texas"
48505,"Zapata","Texas"
48507,"Zavala","Texas"
49001,"Beaver","Utah"
49003,"Box Elder","Utah"
49005,"Cache","Utah"
49007,"Carbon","Utah"
49011,"Davis","Utah"
49013,"Duchesne","Utah"
49015,"Emery","Utah"
49017,"Garfield","Utah"
49021,"Iron","Utah"
49023,"Juab","Utah"
49025,"Kane","Utah"
49027,"Millard","Utah"
49029,"Morgan","Utah"
49031,"Piute","Utah"
49033,"Rich","Utah"
49035,"Salt Lake","Utah"
49037,"San Juan","Utah"
49039,"Sanpete","Utah"
49041,"Sevier","Utah"
49043,"Summit","Utah"
49045,"Tooele","Utah"
49047,"Uintah","Utah"
49049,"Utah","Utah"
49051,"Wasatch","Utah"
49053,"Washington","Utah"
49055,"Wayne","Utah"
49057,"Weber","Utah"
50001,"Addison","Vermont"
50003,"Bennington","Vermont"
50005,"Caledonia","Vermont"
50007,"Chittenden","Vermont"
50009,"Essex","Vermont"
50011,"Franklin","Vermont"
50013,"Grand Isle","Vermont"
50015,"Lamoille","Vermont"
50017,"Orange","Vermont"
50019,"Orleans","Vermont"
50021,"Rutland","Vermont"
50023,"Washington","Vermont"
50025,"Windham","Vermont"
50027,"Windsor","Vermont"
51001,"Accomack","Virginia"
51003,"Albemarle","Virginia"
51005,"Alleghany","Virginia"
51007,"Amelia","Virginia"
51009,"Amherst","Virginia"
51011,"Appomattox","Virginia"
51015,"Augusta","Virginia"
51017,"Bath","Virginia"
51019,"Bedford","Virginia"
51021,"Bland","Virginia"
51023,"Botetourt","Virginia"
51025,"Brunswick","Virginia"
51027,"Buchanan","Virginia"
51029,"Buckingham","Virginia"
51031,"Campbell","Virginia"
51033,"Caroline","Virginia"
51035,"Carroll","Virginia"
51036,"Charles City","Virginia"
51037,"Charlotte","Virginia"
51041,"Chesterfield","Virginia"
51043,"Clarke","Virginia"
51045,"Craig","Virginia"
51047,"Culpeper","Virginia"
51049,"Cumberland","Virginia"
51051,"Dickenson","Virginia"
51053,"Dinwiddie","Virginia"
51057,"Essex","Virginia"
51061,"Fauquier","Virginia"
51063,"Floyd","Virginia"
51065,"Fluvanna","Virginia"
51067,"Franklin","Virginia"
51069,"Frederick","Virginia"
51071,"Giles","Virginia"
51073,"Gloucester","Virginia"
51075,"Goochland","Virginia"
51077,"Grayson","Virginia"
51079,"Greene","Virginia"
51081,"Greensville","Virginia"
51083,"Halifax","Virginia"
51085,"Hanover","Virginia"
51087,"Henrico","Virginia"
51089,"Henry","Virginia"
51091,"Highland","Virginia"
51093,"Isle of Wight","Virginia"
51095,"James City","Virginia"
51097,"King and Queen","Virginia"
51099,"King George","Virginia"
51101,"King William","Virginia"
51103,"Lancaster","Virginia"
51105,"Lee","Virginia"
51107,"Loudoun","Virginia"
51109,"Louisa","Virginia"
51111,"Lunenburg","Virginia"
51113,"Madison","Virginia"
51115,"Mathews","Virginia"
51117,"Mecklenburg","Virginia"
51119,"Middlesex","Virginia"
51121,"Montgomery","Virginia"
51125,"Nelson","Virginia"
51127,"New Kent","Virginia"
51131,"Northampton","Virginia"
51133,"Northumberland","Virginia"
51135,"Nottoway","Virginia"
51137,"Orange","Virginia"
51139,"Page","Virginia"
51141,"Patrick","Virginia"
51143,"Pittsylvania","Virginia"
51145,"Powhatan","Virginia"
51147,"Prince Edward","Virginia"
51149,"Prince George","Virginia"
51153,"Prince William","Virginia"
51155,"Pulaski","Virginia"
51157,"Rappahannock","Virginia"
51159,"Richmond","Virginia"
51161,"Roanoke","Virginia"
51163,"Rockbridge","Virginia"
51165,"Rockingham","Virginia"
51167,"Russell","Virginia"
51169,"Scott","Virginia"
51171,"Shenandoah","Virginia"
51173,"Smyth","Virginia"
51175,"Southampton","Virginia"
51177,"Spotsylvania","Virginia"
51179,"Stafford","Virginia"
51181,"Surry","Virginia"
51183,"Sussex","Virginia"
51185,"Tazewell","Virginia"
51187,"Warren","Virginia"
51191,"Washington","Virginia"
51193,"Westmoreland","Virginia"
51195,"Wise","Virginia"
51197,"Wythe","Virginia"
51199,"York","Virginia"
51550,"Chesapeake (city)","Virginia"
51800,"Suffolk (city)","Virginia"
51810,"Virginia Beach (city)","Virginia"
53001,"Adams","Washington"
53003,"Asotin","Washington"
53005,"Benton","Washington"
53007,"Chelan","Washington"
53009,"Clallam","Washington"
53011,"Clark","Washington"
53013,"Columbia","Washington"
53015,"Cowlitz","Washington"
53017,"Douglas","Washington"
53019,"Ferry","Washington"
53021,"Franklin","Washington"
53023,"Garfield","Washington"
53025,"Grant","Washington"
53027,"Grays Harbor","Washington"
53029,"Island","Washington"
53031,"Jefferson","Washington"
53033,"King","Washington"
53037,"Kittitas","Washington"
53039,"Klickitat","Washington"
53041,"Lewis","Washington"
53043,"Lincoln","Washington"
53047,"Okanogan","Washington"
53051,"Pend Oreille","Washington"
53053,"Pierce","Washington"
53057,"Skagit","Washington"
53061,"Snohomish","Washington"
53063,"Spokane","Washington"
53065,"Stevens","Washington"
53067,"Thurston","Washington"
53069,"Wahkiakum","Washington"
53071,"Walla Walla","Washington"
53073,"Whatcom","Washington"
53075,"Whitman","Washington"
53077,"Yakima","Washington"
54001,"Barbour","West Virginia"
54003,"Berkeley","West Virginia"
54005,"Boone","West Virginia"
54007,"Braxton","West Virginia"
54009,"Brooke","West Virginia"
54011,"Cabell","West Virginia"
54013,"Calhoun","West Virginia"
54015,"Clay","West Virginia"
54017,"Doddridge","West Virginia"
54019,"Fayette","West Virginia"
54021,"Gilmer","West Virginia"
54023,"Grant","West Virginia"
54025,"Greenbrier","West Virginia"
54027,"Hampshire","West Virginia"
54029,"Hancock","West Virginia"
54031,"Hardy","West Virginia"
54033,"Harrison","West Virginia"
54035,"Jackson","West Virginia"
54037,"Jefferson","West Virginia"
54039,"Kanawha","West Virginia"
54041,"Lewis","West Virginia"
54043,"Lincoln","West Virginia"
54045,"Logan","West Virginia"
54049,"Marion","West Virginia"
54051,"Marshall","West Virginia"
54053,"Mason","West Virginia"
54055,"Mercer","West Virginia"
54057,"Mineral","West Virginia"
54061,"Monongalia","West Virginia"
54063,"Monroe","West Virginia"
54065,"Morgan","West Virginia"
54067,"Nicholas","West Virginia"
54069,"Ohio","West Virginia"
54071,"Pendleton","West Virginia"
54073,"Pleasants","West Virginia"
54075,"Pocahontas","West Virginia"
54077,"Preston","West Virginia"
54079,"Putnam","West Virginia"
54081,"Raleigh","West Virginia"
54083,"Randolph","West Virginia"
54085,"Ritchie","West Virginia"
54087,"Roane","West Virginia"
54089,"Summers","West Virginia"
54091,"Taylor","West Virginia"
54093,"Tucker","West Virginia"
54095,"Tyler","West Virginia"
54097,"Upshur","West Virginia"
54099,"Wayne","West Virginia"
54101,"Webster","West Virginia"
54103,"Wetzel","West Virginia"
54105,"Wirt","West Virginia"
54107,"Wood","West Virginia"
54109,"Wyoming","West Virginia"
55001,"Adams","Wisconsin"
55003,"Ashland","Wisconsin"
55005,"Barron","Wisconsin"
55007,"Bayfield","Wisconsin"
55009,"Brown","Wisconsin"
55011,"Buffalo","Wisconsin"
55013,"Burnett","Wisconsin"
55015,"Calumet","Wisconsin"
55017,"Chippewa","Wisconsin"
55019,"Clark","Wisconsin"
55021,"Columbia","Wisconsin"
55023,"Crawford","Wisconsin"
55025,"Dane","Wisconsin"
55027,"Dodge","Wisconsin"
55029,"Door","Wisconsin"
55031,"Douglas","Wisconsin"
55033,"Dunn","Wisconsin"
55035,"Eau Claire","Wisconsin"
55037,"Florence","Wisconsin"
55039,"Fond du Lac","Wisconsin"
55041,"Forest","Wisconsin"
55043,"Grant","Wisconsin"
55045,"Green","Wisconsin"
55047,"Green Lake","Wisconsin"
55049,"Iowa","Wisconsin"
55051,"Iron","Wisconsin"
55053,"Jackson","Wisconsin"
55055,"Jefferson","Wisconsin"
55057,"Juneau","Wisconsin"
55059,"Kenosha","Wisconsin"
55061,"Kewaunee","Wisconsin"
55063,"La Crosse","Wisconsin"
55065,"Lafayette","Wisconsin"
55067,"Langlade","Wisconsin"
55069,"Lincoln","Wisconsin"
55071,"Manitowoc","Wisconsin"
55073,"Marathon","Wisconsin"
55075,"Marinette","Wisconsin"
55077,"Marquette","Wisconsin"
55078,"Menominee","Wisconsin"
55079,"Milwaukee","Wisconsin"
55081,"Monroe","Wisconsin"
55083,"Oconto","Wisconsin"
55085,"Oneida","Wisconsin"
55087,"Outagamie","Wisconsin"
55089,"Ozaukee","Wisconsin"
55091,"Pepin","Wisconsin"
55093,"Pierce","Wisconsin"
55095,"Polk","Wisconsin"
55097,"Portage","Wisconsin"
55099,"Price","Wisconsin"
55101,"Racine","Wisconsin"
55103,"Richland","Wisconsin"
55105,"Rock","Wisconsin"
55107,"Rusk","Wisconsin"
55109,"St. Croix","Wisconsin"
55111,"Sauk","Wisconsin"
55113,"Sawyer","Wisconsin"
55115,"Shawano","Wisconsin"
55117,"Sheboygan","Wisconsin"
55119,"Taylor","Wisconsin"
55121,"Trempealeau","Wisconsin"
55123,"Vernon","Wisconsin"
55125,"Vilas","Wisconsin"
55127,"Walworth","Wisconsin"
55129,"Washburn","Wisconsin"
55131,"Washington","Wisconsin"
55133,"Waukesha","Wisconsin"
55135,"Waupaca","Wisconsin"
55137,"Waushara","Wisconsin"
55139,"Winnebago","Wisconsin"
55141,"Wood","Wisconsin"
56003,"Big Horn","Wyoming"
56005,"Campbell","Wyoming"
56007,"Carbon","Wyoming"
56009,"Converse","Wyoming"
56011,"Crook","Wyoming"
56013,"Fremont","Wyoming"
56015,"Goshen","Wyoming"
56017,"Hot Springs","Wyoming"
56019,"Johnson","Wyoming"
56021,"Laramie","Wyoming"
56023,"Lincoln","Wyoming"
56025,"Natrona","Wyoming"
56027,"Niobrara","Wyoming"
56029,"Park","Wyoming"
56031,"Platte","Wyoming"
56033,"Sheridan","Wyoming"
56037,"Sweetwater","Wyoming"
56039,"Teton","Wyoming"
56041,"Uinta","Wyoming"
56043,"Washakie","Wyoming"
56045,"Weston","Wyoming"
51595,"Emporia (city)","Virginia"
51600,"Fairfax (city)","Virginia"
51610,"Falls Church (city)","Virginia"
51620,"Franklin (city)","Virginia"
51630,"Fredericksburg (city)","Virginia"
51640,"Galax (city)","Virginia"
51650,"Hampton (city)","Virginia"
51660,"Harrisonburg (city)","Virginia"
51670,"Hopewell (city)","Virginia"
51678,"Lexington (city)","Virginia"
51680,"Lynchburg (city)","Virginia"
51683,"Manassas (city)","Virginia"
51685,"Manassas Park (city)","Virginia"
51690,"Martinsville (city)","Virginia"
51700,"Newport News (city)","Virginia"
51710,"Norfolk (city)","Virginia"
51720,"Norton (city)","Virginia"
51730,"Petersburg (city)","Virginia"
51735,"Poquoson (city)","Virginia"
51740,"Portsmouth (city)","Virginia"
51750,"Radford (city)","Virginia"
51760,"Richmond (city)","Virginia"
51770,"Roanoke (city)","Virginia"
51775,"Salem (city)","Virginia"
51780,"South Boston (city)","Virginia"
51790,"Staunton (city)","Virginia"
51800,"Suffolk (city)","Virginia"
51810,"Virginia Beach (city)","Virginia"
51820,"Waynesboro (city)","Virginia"
51830,"Williamsburg (city)","Virginia"
51840,"Winchester (city)","Virginia"
51901,"Albemarle + Charlottesville","Virginia"
51903,"Alleghany, Clifton Forge + Covington","Virginia"
51907,"Augusta, Staunton + Waynesboro","Virginia"
51909,"Bedford + Bedford City","Virginia"
51911,"Campbell + Lynchburg","Virginia"
51913,"Carroll + Galax","Virginia"
51918,"Dinwiddie, Colonial Heights + Petersburg","Virginia"
51919,"Fairfax, Fairfax City + Falls Church","Virginia"
51921,"Frederick + Winchester","Virginia"
51923,"Greensville + Emporia","Virginia"
51929,"Henry + Martinsville","Virginia"
51931,"James City + Williamsburg","Virginia"
51933,"Montgomery + Radford","Virginia"
51939,"Pittsylvania + Danville","Virginia"
51941,"Prince George + Hopewell","Virginia"
51942,"Prince William, Manassas + Manassas Park","Virginia"
51944,"Roanoke + Salem","Virginia"
51945,"Rockbridge, Buena Vista + Lexington","Virginia"
51947,"Rockingham + Harrisonburg","Virginia"
51949,"Southampton + Franklin","Virginia"
51951,"Spotsylvania + Fredericksburg","Virginia"
51953,"Washington + Bristol","Virginia"
51955,"Wise + Norton","Virginia"
51958,"York + Poquoson","Virginia"
53001,"Adams","Washington"
53003,"Asotin","Washington"
53005,"Benton","Washington"
53007,"Chelan","Washington"
53009,"Clallam","Washington"
53011,"Clark","Washington"
53013,"Columbia","Washington"
53015,"Cowlitz","Washington"
53017,"Douglas","Washington"
53019,"Ferry","Washington"
53021,"Franklin","Washington"
53023,"Garfield","Washington"
53025,"Grant","Washington"
53027,"Grays Harbor","Washington"
53029,"Island","Washington"
53031,"Jefferson","Washington"
53033,"King","Washington"
53035,"Kitsap","Washington"
53037,"Kittitas","Washington"
53039,"Klickitat","Washington"
53041,"Lewis","Washington"
53043,"Lincoln","Washington"
53045,"Mason","Washington"
53047,"Okanogan","Washington"
53049,"Pacific","Washington"
53051,"Pend Oreille","Washington"
53053,"Pierce","Washington"
53055,"San Juan","Washington"
53057,"Skagit","Washington"
53059,"Skamania","Washington"
53061,"Snohomish","Washington"
53063,"Spokane","Washington"
53065,"Stevens","Washington"
53067,"Thurston","Washington"
53069,"Wahkiakum","Washington"
53071,"Walla Walla","Washington"
53073,"Whatcom","Washington"
53075,"Whitman","Washington"
53077,"Yakima","Washington"
54001,"Barbour","West Virginia"
54003,"Berkeley","West Virginia"
54005,"Boone","West Virginia"
54007,"Braxton","West Virginia"
54009,"Brooke","West Virginia"
54011,"Cabell","West Virginia"
54013,"Calhoun","West Virginia"
54015,"Clay","West Virginia"
54017,"Doddridge","West Virginia"
54019,"Fayette","West Virginia"
54021,"Gilmer","West Virginia"
54023,"Grant","West Virginia"
54025,"Greenbrier","West Virginia"
54027,"Hampshire","West Virginia"
54029,"Hancock","West Virginia"
54031,"Hardy","West Virginia"
54033,"Harrison","West Virginia"
54035,"Jackson","West Virginia"
54037,"Jefferson","West Virginia"
54039,"Kanawha","West Virginia"
54041,"Lewis","West Virginia"
54043,"Lincoln","West Virginia"
54045,"Logan","West Virginia"
54047,"McDowell","West Virginia"
54049,"Marion","West Virginia"
54051,"Marshall","West Virginia"
54053,"Mason","West Virginia"
54055,"Mercer","West Virginia"
54057,"Mineral","West Virginia"
54059,"Mingo","West Virginia"
54061,"Monongalia","West Virginia"
54063,"Monroe","West Virginia"
54065,"Morgan","West Virginia"
54067,"Nicholas","West Virginia"
54069,"Ohio","West Virginia"
54071,"Pendleton","West Virginia"
54073,"Pleasants","West Virginia"
54075,"Pocahontas","West Virginia"
54077,"Preston","West Virginia"
54079,"Putnam","West Virginia"
54081,"Raleigh","West Virginia"
54083,"Randolph","West Virginia"
54085,"Ritchie","West Virginia"
54087,"Roane","West Virginia"
54089,"Summers","West Virginia"
54091,"Taylor","West Virginia"
54093,"Tucker","West Virginia"
54095,"Tyler","West Virginia"
54097,"Upshur","West Virginia"
54099,"Wayne","West Virginia"
54101,"Webster","West Virginia"
54103,"Wetzel","West Virginia"
54105,"Wirt","West Virginia"
54107,"Wood","West Virginia"
54109,"Wyoming","West Virginia"
55001,"Adams","Wisconsin"
55003,"Ashland","Wisconsin"
55005,"Barron","Wisconsin"
55007,"Bayfield","Wisconsin"
55009,"Brown","Wisconsin"
55011,"Buffalo","Wisconsin"
55013,"Burnett","Wisconsin"
55015,"Calumet","Wisconsin"
55017,"Chippewa","Wisconsin"
55019,"Clark","Wisconsin"
55021,"Columbia","Wisconsin"
55023,"Crawford","Wisconsin"
55025,"Dane","Wisconsin"
55027,"Dodge","Wisconsin"
55029,"Door","Wisconsin"
55031,"Douglas","Wisconsin"
55033,"Dunn","Wisconsin"
55035,"Eau Claire","Wisconsin"
55037,"Florence","Wisconsin"
55039,"Fond du Lac","Wisconsin"
55041,"Forest","Wisconsin"
55043,"Grant","Wisconsin"
55045,"Green","Wisconsin"
55047,"Green Lake","Wisconsin"
55049,"Iowa","Wisconsin"
55051,"Iron","Wisconsin"
55053,"Jackson","Wisconsin"
55055,"Jefferson","Wisconsin"
55057,"Juneau","Wisconsin"
55059,"Kenosha","Wisconsin"
55061,"Kewaunee","Wisconsin"
55063,"La Crosse","Wisconsin"
55065,"Lafayette","Wisconsin"
55067,"Langlade","Wisconsin"
55069,"Lincoln","Wisconsin"
55071,"Manitowoc","Wisconsin"
55073,"Marathon","Wisconsin"
55075,"Marinette","Wisconsin"
55077,"Marquette","Wisconsin"
55078,"Menominee","Wisconsin"
55079,"Milwaukee","Wisconsin"
55081,"Monroe","Wisconsin"
55083,"Oconto","Wisconsin"
55085,"Oneida","Wisconsin"
55087,"Outagamie","Wisconsin"
55089,"Ozaukee","Wisconsin"
55091,"Pepin","Wisconsin"
55093,"Pierce","Wisconsin"
55095,"Polk","Wisconsin"
55097,"Portage","Wisconsin"
55099,"Price","Wisconsin"
55101,"Racine","Wisconsin"
55103,"Richland","Wisconsin"
55105,"Rock","Wisconsin"
55107,"Rusk","Wisconsin"
55109,"St. Croix","Wisconsin"
55111,"Sauk","Wisconsin"
55113,"Sawyer","Wisconsin"
55115,"Shawano","Wisconsin"
55117,"Sheboygan","Wisconsin"
55119,"Taylor","Wisconsin"
55121,"Trempealeau","Wisconsin"
55123,"Vernon","Wisconsin"
55125,"Vilas","Wisconsin"
55127,"Walworth","Wisconsin"
55129,"Washburn","Wisconsin"
55131,"Washington","Wisconsin"
55133,"Waukesha","Wisconsin"
55135,"Waupaca","Wisconsin"
55137,"Waushara","Wisconsin"
55139,"Winnebago","Wisconsin"
55141,"Wood","Wisconsin"
56001,"Albany","Wyoming"
56003,"Big Horn","Wyoming"
56005,"Campbell","Wyoming"
56007,"Carbon","Wyoming"
56009,"Converse","Wyoming"
56011,"Crook","Wyoming"
56013,"Fremont","Wyoming"
56015,"Goshen","Wyoming"
56017,"Hot Springs","Wyoming"
56019,"Johnson","Wyoming"
56021,"Laramie","Wyoming"
56023,"Lincoln","Wyoming"
56025,"Natrona","Wyoming"
56027,"Niobrara","Wyoming"
56029,"Park","Wyoming"
56031,"Platte","Wyoming"
56033,"Sheridan","Wyoming"
56035,"Sublette","Wyoming"
56037,"Sweetwater","Wyoming"
56039,"Teton","Wyoming"
56041,"Uinta","Wyoming"
56043,"Washakie","Wyoming"
56045,"Weston","Wyoming"
12127,"Volusia","Florida"
12086,"Miami-Dade"
12103,"Pinellas"
12061,"Indian River"
12021,"Collier"
08031,"Denver"
36005,"Bronx"
12011,"Broward"
06073,"San Diego"
06111,"Ventura"
06081,"San Mateo"
13067,"Cobb"
35028,"Los Alamos"
06075,"San Francisco"
04005,"Coconino"
13215,"Muscogee"
06017,"El Dorado"
06045,"Mendocino"
51630,"Fredericksburg"
51059,"Fairfax"
36000,"New York"
15009,"Maui"
36087,"Rockland"
42101,"Philadelphia"
51680,"Lynchburg"
24510,"Baltimore City"
04017,"Navajo"
51735,"Poquoson"
37171,"Surry"
51810,"Virginia Beach"
34017,"Hudson"
34003,"Bergen"
34031,"Passaic"
36081,"Queens"
29510,"St. Louis City"
51510,"Alexandria"
72003,"Aguada"
72067,"Hormigueros"
72099,"Moca"
72153,"Yauco"
35043,"Sandoval"
72117,"Rincn"
72011,"Aasco"
08014,"Broomfield"
35001,"Bernalillo"
51540,"Charlottesville"
51013,"Arlington"
04023,"Santa Cruz"
02170,"Matanuska-Susitna"
02020,"Anchorage"
02122,"Kenai Peninsula"
12111,"St. Lucie"
51670,"Hopewell"
51570,"Colonial Heights"
24005,"Baltimore County"
15003,"Honolulu"
29186,"Ste. Genevieve"
06109,"Tuolumne"
72025,"Caguas"
72029,"Canvanas"
72145,"Vega Baja"
06055,"Napa"
